2026-04-01T09:58:21.868+05:30  INFO 15936 --- [loanEmiSchedular] [restartedMain] c.t.l.LoanEmiSchedularApplication        : Starting LoanEmiSchedularApplication using Java 18.0.2.1 with PID 15936 (C:\Users\Rahul.Dave\Desktop\loanEmiSchedular\target\classes started by Rahul.Dave in C:\Users\Rahul.Dave\Desktop\loanEmiSchedular)
2026-04-01T09:58:21.876+05:30 DEBUG 15936 --- [loanEmiSchedular] [restartedMain] c.t.l.LoanEmiSchedularApplication        : Running with Spring Boot v4.0.4, Spring v7.0.6
2026-04-01T09:58:21.878+05:30  INFO 15936 --- [loanEmiSchedular] [restartedMain] c.t.l.LoanEmiSchedularApplication        : No active profile set, falling back to 1 default profile: "default"
2026-04-01T09:58:21.969+05:30  INFO 15936 --- [loanEmiSchedular] [restartedMain] .e.DevToolsPropertyDefaultsPostProcessor : Devtools property defaults active! Set 'spring.devtools.add-properties' to 'false' to disable
2026-04-01T09:58:21.970+05:30  INFO 15936 --- [loanEmiSchedular] [restartedMain] .e.DevToolsPropertyDefaultsPostProcessor : For additional web related logging consider setting the 'logging.level.web' property to 'DEBUG'
2026-04-01T09:58:23.264+05:30  INFO 15936 --- [loanEmiSchedular] [restartedMain] .s.d.r.c.RepositoryConfigurationDelegate : Bootstrapping Spring Data JPA repositories in DEFAULT mode.
2026-04-01T09:58:23.343+05:30  INFO 15936 --- [loanEmiSchedular] [restartedMain] .s.d.r.c.RepositoryConfigurationDelegate : Finished Spring Data repository scanning in 71 ms. Found 7 JPA repository interfaces.
2026-04-01T09:58:24.162+05:30  INFO 15936 --- [loanEmiSchedular] [restartedMain] o.s.boot.tomcat.TomcatWebServer          : Tomcat initialized with port 8080 (http)
2026-04-01T09:58:24.177+05:30  INFO 15936 --- [loanEmiSchedular] [restartedMain] o.apache.catalina.core.StandardService   : Starting service [Tomcat]
2026-04-01T09:58:24.179+05:30  INFO 15936 --- [loanEmiSchedular] [restartedMain] o.apache.catalina.core.StandardEngine    : Starting Servlet engine: [Apache Tomcat/11.0.18]
2026-04-01T09:58:24.235+05:30  INFO 15936 --- [loanEmiSchedular] [restartedMain] b.w.c.s.WebApplicationContextInitializer : Root WebApplicationContext: initialization completed in 2263 ms
2026-04-01T09:58:24.386+05:30  INFO 15936 --- [loanEmiSchedular] [restartedMain] org.hibernate.orm.jpa                    : HHH008540: Processing PersistenceUnitInfo [name: default]
2026-04-01T09:58:24.478+05:30  INFO 15936 --- [loanEmiSchedular] [restartedMain] org.hibernate.orm.core                   : HHH000001: Hibernate ORM core version 7.2.7.Final
2026-04-01T09:58:24.950+05:30  INFO 15936 --- [loanEmiSchedular] [restartedMain] o.s.o.j.p.SpringPersistenceUnitInfo      : No LoadTimeWeaver setup: ignoring JPA class transformer
2026-04-01T09:58:24.983+05:30  INFO 15936 --- [loanEmiSchedular] [restartedMain] com.zaxxer.hikari.HikariDataSource       : HikariPool-1 - Starting...
2026-04-01T09:58:25.222+05:30  INFO 15936 --- [loanEmiSchedular] [restartedMain] com.zaxxer.hikari.pool.HikariPool        : HikariPool-1 - Added connection org.postgresql.jdbc.PgConnection@3a430745
2026-04-01T09:58:25.225+05:30  INFO 15936 --- [loanEmiSchedular] [restartedMain] com.zaxxer.hikari.HikariDataSource       : HikariPool-1 - Start completed.
2026-04-01T09:58:25.314+05:30  INFO 15936 --- [loanEmiSchedular] [restartedMain] org.hibernate.orm.connections.pooling    : HHH10001005: Database info:
	Database JDBC URL [jdbc:postgresql://localhost:5432/loanEmiSchedular]
	Database driver: PostgreSQL JDBC Driver
	Database dialect: PostgreSQLDialect
	Database version: 18.3
	Default catalog/schema: loanEmiSchedular/public
	Autocommit mode: undefined/unknown
	Isolation level: READ_COMMITTED [default READ_COMMITTED]
	JDBC fetch size: none
	Pool: DataSourceConnectionProvider
	Minimum pool size: undefined/unknown
	Maximum pool size: undefined/unknown
2026-04-01T09:58:26.595+05:30  INFO 15936 --- [loanEmiSchedular] [restartedMain] org.hibernate.orm.core                   : HHH000489: No JTA platform available (set 'hibernate.transaction.jta.platform' to enable JTA platform integration)
2026-04-01T09:58:26.703+05:30  INFO 15936 --- [loanEmiSchedular] [restartedMain] j.LocalContainerEntityManagerFactoryBean : Initialized JPA EntityManagerFactory for persistence unit 'default'
2026-04-01T09:58:26.791+05:30  INFO 15936 --- [loanEmiSchedular] [restartedMain] o.s.d.j.r.query.QueryEnhancerFactories   : Hibernate is in classpath; If applicable, HQL parser will be used.
2026-04-01T09:58:27.031+05:30 DEBUG 15936 --- [loanEmiSchedular] [restartedMain] c.t.l.security.JwtAuthFilter             : Filter 'jwtAuthFilter' configured for use
2026-04-01T09:58:27.939+05:30  WARN 15936 --- [loanEmiSchedular] [restartedMain] JpaBaseConfiguration$JpaWebConfiguration : spring.jpa.open-in-view is enabled by default. Therefore, database queries may be performed during view rendering. Explicitly configure spring.jpa.open-in-view to disable this warning
2026-04-01T09:58:28.089+05:30  WARN 15936 --- [loanEmiSchedular] [restartedMain] .s.a.UserDetailsServiceAutoConfiguration : 

Using generated security password: bccc69c7-78cf-444d-9572-999d1a06bdf2

This generated password is for development use only. Your security configuration must be updated before running your application in production.

2026-04-01T09:58:28.096+05:30  INFO 15936 --- [loanEmiSchedular] [restartedMain] r$InitializeUserDetailsManagerConfigurer : Global AuthenticationManager configured with UserDetailsService bean with name inMemoryUserDetailsManager
2026-04-01T09:58:28.691+05:30  INFO 15936 --- [loanEmiSchedular] [restartedMain] o.s.boot.tomcat.TomcatWebServer          : Tomcat started on port 8080 (http) with context path '/'
2026-04-01T09:58:28.702+05:30  INFO 15936 --- [loanEmiSchedular] [restartedMain] c.t.l.LoanEmiSchedularApplication        : Started LoanEmiSchedularApplication in 7.707 seconds (process running for 8.826)
2026-04-01T09:58:45.815+05:30  INFO 15936 --- [loanEmiSchedular] [http-nio-8080-exec-1] o.a.c.c.C.[Tomcat].[localhost].[/]       : Initializing Spring DispatcherServlet 'dispatcherServlet'
2026-04-01T09:58:45.816+05:30  INFO 15936 --- [loanEmiSchedular] [http-nio-8080-exec-1] o.s.web.servlet.DispatcherServlet        : Initializing Servlet 'dispatcherServlet'
2026-04-01T09:58:45.821+05:30  INFO 15936 --- [loanEmiSchedular] [http-nio-8080-exec-1] o.s.web.servlet.DispatcherServlet        : Completed initialization in 3 ms
2026-04-01T09:59:08.196+05:30  WARN 15936 --- [loanEmiSchedular] [http-nio-8080-exec-3] .m.m.a.ExceptionHandlerExceptionResolver : Resolved [org.springframework.security.authorization.AuthorizationDeniedException: Access Denied]
2026-04-01T10:00:48.762+05:30  WARN 15936 --- [loanEmiSchedular] [http-nio-8080-exec-8] .m.m.a.ExceptionHandlerExceptionResolver : Resolved [org.springframework.security.authorization.AuthorizationDeniedException: Access Denied]
2026-04-01T10:05:50.105+05:30  INFO 15936 --- [loanEmiSchedular] [SpringApplicationShutdownHook] o.s.boot.tomcat.GracefulShutdown         : Commencing graceful shutdown. Waiting for active requests to complete
2026-04-01T10:05:50.397+05:30  INFO 15936 --- [loanEmiSchedular] [tomcat-shutdown] o.s.boot.tomcat.GracefulShutdown         : Graceful shutdown complete
2026-04-01T10:05:50.420+05:30  INFO 15936 --- [loanEmiSchedular] [SpringApplicationShutdownHook] j.LocalContainerEntityManagerFactoryBean : Closing JPA EntityManagerFactory for persistence unit 'default'
2026-04-01T10:05:50.447+05:30  INFO 15936 --- [loanEmiSchedular] [SpringApplicationShutdownHook] com.zaxxer.hikari.HikariDataSource       : HikariPool-1 - Shutdown initiated...
2026-04-01T10:05:50.462+05:30  INFO 15936 --- [loanEmiSchedular] [SpringApplicationShutdownHook] com.zaxxer.hikari.HikariDataSource       : HikariPool-1 - Shutdown completed.
2026-04-01T10:05:57.698+05:30  INFO 20056 --- [loanEmiSchedular] [restartedMain] c.t.l.LoanEmiSchedularApplication        : Starting LoanEmiSchedularApplication using Java 18.0.2.1 with PID 20056 (C:\Users\Rahul.Dave\Desktop\loanEmiSchedular\target\classes started by Rahul.Dave in C:\Users\Rahul.Dave\Desktop\loanEmiSchedular)
2026-04-01T10:05:57.702+05:30 DEBUG 20056 --- [loanEmiSchedular] [restartedMain] c.t.l.LoanEmiSchedularApplication        : Running with Spring Boot v4.0.4, Spring v7.0.6
2026-04-01T10:05:57.705+05:30  INFO 20056 --- [loanEmiSchedular] [restartedMain] c.t.l.LoanEmiSchedularApplication        : No active profile set, falling back to 1 default profile: "default"
2026-04-01T10:05:57.800+05:30  INFO 20056 --- [loanEmiSchedular] [restartedMain] .e.DevToolsPropertyDefaultsPostProcessor : Devtools property defaults active! Set 'spring.devtools.add-properties' to 'false' to disable
2026-04-01T10:05:57.801+05:30  INFO 20056 --- [loanEmiSchedular] [restartedMain] .e.DevToolsPropertyDefaultsPostProcessor : For additional web related logging consider setting the 'logging.level.web' property to 'DEBUG'
2026-04-01T10:05:58.917+05:30  INFO 20056 --- [loanEmiSchedular] [restartedMain] .s.d.r.c.RepositoryConfigurationDelegate : Bootstrapping Spring Data JPA repositories in DEFAULT mode.
2026-04-01T10:05:59.000+05:30  INFO 20056 --- [loanEmiSchedular] [restartedMain] .s.d.r.c.RepositoryConfigurationDelegate : Finished Spring Data repository scanning in 71 ms. Found 7 JPA repository interfaces.
2026-04-01T10:05:59.805+05:30  INFO 20056 --- [loanEmiSchedular] [restartedMain] o.s.boot.tomcat.TomcatWebServer          : Tomcat initialized with port 8080 (http)
2026-04-01T10:05:59.819+05:30  INFO 20056 --- [loanEmiSchedular] [restartedMain] o.apache.catalina.core.StandardService   : Starting service [Tomcat]
2026-04-01T10:05:59.820+05:30  INFO 20056 --- [loanEmiSchedular] [restartedMain] o.apache.catalina.core.StandardEngine    : Starting Servlet engine: [Apache Tomcat/11.0.18]
2026-04-01T10:05:59.878+05:30  INFO 20056 --- [loanEmiSchedular] [restartedMain] b.w.c.s.WebApplicationContextInitializer : Root WebApplicationContext: initialization completed in 2076 ms
2026-04-01T10:06:00.076+05:30  INFO 20056 --- [loanEmiSchedular] [restartedMain] org.hibernate.orm.jpa                    : HHH008540: Processing PersistenceUnitInfo [name: default]
2026-04-01T10:06:00.142+05:30  INFO 20056 --- [loanEmiSchedular] [restartedMain] org.hibernate.orm.core                   : HHH000001: Hibernate ORM core version 7.2.7.Final
2026-04-01T10:06:00.673+05:30  INFO 20056 --- [loanEmiSchedular] [restartedMain] o.s.o.j.p.SpringPersistenceUnitInfo      : No LoadTimeWeaver setup: ignoring JPA class transformer
2026-04-01T10:06:00.711+05:30  INFO 20056 --- [loanEmiSchedular] [restartedMain] com.zaxxer.hikari.HikariDataSource       : HikariPool-1 - Starting...
2026-04-01T10:06:00.986+05:30  INFO 20056 --- [loanEmiSchedular] [restartedMain] com.zaxxer.hikari.pool.HikariPool        : HikariPool-1 - Added connection org.postgresql.jdbc.PgConnection@4d5ab34e
2026-04-01T10:06:00.989+05:30  INFO 20056 --- [loanEmiSchedular] [restartedMain] com.zaxxer.hikari.HikariDataSource       : HikariPool-1 - Start completed.
2026-04-01T10:06:01.108+05:30  INFO 20056 --- [loanEmiSchedular] [restartedMain] org.hibernate.orm.connections.pooling    : HHH10001005: Database info:
	Database JDBC URL [jdbc:postgresql://localhost:5432/loanEmiSchedular]
	Database driver: PostgreSQL JDBC Driver
	Database dialect: PostgreSQLDialect
	Database version: 18.3
	Default catalog/schema: loanEmiSchedular/public
	Autocommit mode: undefined/unknown
	Isolation level: READ_COMMITTED [default READ_COMMITTED]
	JDBC fetch size: none
	Pool: DataSourceConnectionProvider
	Minimum pool size: undefined/unknown
	Maximum pool size: undefined/unknown
2026-04-01T10:06:02.639+05:30  INFO 20056 --- [loanEmiSchedular] [restartedMain] org.hibernate.orm.core                   : HHH000489: No JTA platform available (set 'hibernate.transaction.jta.platform' to enable JTA platform integration)
2026-04-01T10:06:02.771+05:30  INFO 20056 --- [loanEmiSchedular] [restartedMain] j.LocalContainerEntityManagerFactoryBean : Initialized JPA EntityManagerFactory for persistence unit 'default'
2026-04-01T10:06:02.870+05:30  INFO 20056 --- [loanEmiSchedular] [restartedMain] o.s.d.j.r.query.QueryEnhancerFactories   : Hibernate is in classpath; If applicable, HQL parser will be used.
2026-04-01T10:06:03.228+05:30 DEBUG 20056 --- [loanEmiSchedular] [restartedMain] c.t.l.security.JwtAuthFilter             : Filter 'jwtAuthFilter' configured for use
2026-04-01T10:06:04.429+05:30  WARN 20056 --- [loanEmiSchedular] [restartedMain] JpaBaseConfiguration$JpaWebConfiguration : spring.jpa.open-in-view is enabled by default. Therefore, database queries may be performed during view rendering. Explicitly configure spring.jpa.open-in-view to disable this warning
2026-04-01T10:06:04.583+05:30  WARN 20056 --- [loanEmiSchedular] [restartedMain] .s.a.UserDetailsServiceAutoConfiguration : 

Using generated security password: b80327c4-30e0-4ac3-b794-c978987e7ed7

This generated password is for development use only. Your security configuration must be updated before running your application in production.

2026-04-01T10:06:04.590+05:30  INFO 20056 --- [loanEmiSchedular] [restartedMain] r$InitializeUserDetailsManagerConfigurer : Global AuthenticationManager configured with UserDetailsService bean with name inMemoryUserDetailsManager
2026-04-01T10:06:05.419+05:30  INFO 20056 --- [loanEmiSchedular] [restartedMain] o.s.boot.tomcat.TomcatWebServer          : Tomcat started on port 8080 (http) with context path '/'
2026-04-01T10:06:05.443+05:30  INFO 20056 --- [loanEmiSchedular] [restartedMain] c.t.l.LoanEmiSchedularApplication        : Started LoanEmiSchedularApplication in 8.405 seconds (process running for 9.47)
2026-04-01T10:06:10.355+05:30  INFO 20056 --- [loanEmiSchedular] [http-nio-8080-exec-1] o.a.c.c.C.[Tomcat].[localhost].[/]       : Initializing Spring DispatcherServlet 'dispatcherServlet'
2026-04-01T10:06:10.356+05:30  INFO 20056 --- [loanEmiSchedular] [http-nio-8080-exec-1] o.s.web.servlet.DispatcherServlet        : Initializing Servlet 'dispatcherServlet'
2026-04-01T10:06:10.359+05:30  INFO 20056 --- [loanEmiSchedular] [http-nio-8080-exec-1] o.s.web.servlet.DispatcherServlet        : Completed initialization in 3 ms
2026-04-01T10:16:30.776+05:30  WARN 20056 --- [loanEmiSchedular] [HikariPool-1:housekeeper] com.zaxxer.hikari.pool.HikariPool        : HikariPool-1 - Thread starvation or clock leap detected (housekeeper delta=7m59s627ms154µs700ns).
2026-04-01T10:29:31.250+05:30  INFO 20056 --- [loanEmiSchedular] [SpringApplicationShutdownHook] o.s.boot.tomcat.GracefulShutdown         : Commencing graceful shutdown. Waiting for active requests to complete
2026-04-01T10:29:31.842+05:30  INFO 20056 --- [loanEmiSchedular] [tomcat-shutdown] o.s.boot.tomcat.GracefulShutdown         : Graceful shutdown complete
2026-04-01T10:29:31.908+05:30  INFO 20056 --- [loanEmiSchedular] [SpringApplicationShutdownHook] j.LocalContainerEntityManagerFactoryBean : Closing JPA EntityManagerFactory for persistence unit 'default'
2026-04-01T10:29:32.032+05:30  INFO 20056 --- [loanEmiSchedular] [SpringApplicationShutdownHook] com.zaxxer.hikari.HikariDataSource       : HikariPool-1 - Shutdown initiated...
2026-04-01T10:29:32.098+05:30  INFO 20056 --- [loanEmiSchedular] [SpringApplicationShutdownHook] com.zaxxer.hikari.HikariDataSource       : HikariPool-1 - Shutdown completed.
2026-04-01T10:36:35.455+05:30  INFO 21804 --- [loanEmiSchedular] [restartedMain] c.t.l.LoanEmiSchedularApplication        : Starting LoanEmiSchedularApplication using Java 18.0.2.1 with PID 21804 (C:\Users\Rahul.Dave\Desktop\loanEmiSchedular\target\classes started by Rahul.Dave in C:\Users\Rahul.Dave\Desktop\loanEmiSchedular)
2026-04-01T10:36:35.460+05:30 DEBUG 21804 --- [loanEmiSchedular] [restartedMain] c.t.l.LoanEmiSchedularApplication        : Running with Spring Boot v4.0.4, Spring v7.0.6
2026-04-01T10:36:35.462+05:30  INFO 21804 --- [loanEmiSchedular] [restartedMain] c.t.l.LoanEmiSchedularApplication        : No active profile set, falling back to 1 default profile: "default"
2026-04-01T10:36:35.557+05:30  INFO 21804 --- [loanEmiSchedular] [restartedMain] .e.DevToolsPropertyDefaultsPostProcessor : Devtools property defaults active! Set 'spring.devtools.add-properties' to 'false' to disable
2026-04-01T10:36:35.558+05:30  INFO 21804 --- [loanEmiSchedular] [restartedMain] .e.DevToolsPropertyDefaultsPostProcessor : For additional web related logging consider setting the 'logging.level.web' property to 'DEBUG'
2026-04-01T10:36:36.823+05:30  INFO 21804 --- [loanEmiSchedular] [restartedMain] .s.d.r.c.RepositoryConfigurationDelegate : Bootstrapping Spring Data JPA repositories in DEFAULT mode.
2026-04-01T10:36:36.942+05:30  INFO 21804 --- [loanEmiSchedular] [restartedMain] .s.d.r.c.RepositoryConfigurationDelegate : Finished Spring Data repository scanning in 107 ms. Found 7 JPA repository interfaces.
2026-04-01T10:36:38.010+05:30  INFO 21804 --- [loanEmiSchedular] [restartedMain] o.s.boot.tomcat.TomcatWebServer          : Tomcat initialized with port 8080 (http)
2026-04-01T10:36:38.034+05:30  INFO 21804 --- [loanEmiSchedular] [restartedMain] o.apache.catalina.core.StandardService   : Starting service [Tomcat]
2026-04-01T10:36:38.034+05:30  INFO 21804 --- [loanEmiSchedular] [restartedMain] o.apache.catalina.core.StandardEngine    : Starting Servlet engine: [Apache Tomcat/11.0.18]
2026-04-01T10:36:38.120+05:30  INFO 21804 --- [loanEmiSchedular] [restartedMain] b.w.c.s.WebApplicationContextInitializer : Root WebApplicationContext: initialization completed in 2561 ms
2026-04-01T10:36:38.412+05:30  INFO 21804 --- [loanEmiSchedular] [restartedMain] org.hibernate.orm.jpa                    : HHH008540: Processing PersistenceUnitInfo [name: default]
2026-04-01T10:36:38.522+05:30  INFO 21804 --- [loanEmiSchedular] [restartedMain] org.hibernate.orm.core                   : HHH000001: Hibernate ORM core version 7.2.7.Final
2026-04-01T10:36:39.503+05:30  INFO 21804 --- [loanEmiSchedular] [restartedMain] o.s.o.j.p.SpringPersistenceUnitInfo      : No LoadTimeWeaver setup: ignoring JPA class transformer
2026-04-01T10:36:39.562+05:30  INFO 21804 --- [loanEmiSchedular] [restartedMain] com.zaxxer.hikari.HikariDataSource       : HikariPool-1 - Starting...
2026-04-01T10:36:40.039+05:30  INFO 21804 --- [loanEmiSchedular] [restartedMain] com.zaxxer.hikari.pool.HikariPool        : HikariPool-1 - Added connection org.postgresql.jdbc.PgConnection@4b5447d7
2026-04-01T10:36:40.042+05:30  INFO 21804 --- [loanEmiSchedular] [restartedMain] com.zaxxer.hikari.HikariDataSource       : HikariPool-1 - Start completed.
2026-04-01T10:36:40.215+05:30  INFO 21804 --- [loanEmiSchedular] [restartedMain] org.hibernate.orm.connections.pooling    : HHH10001005: Database info:
	Database JDBC URL [jdbc:postgresql://localhost:5432/loanEmiSchedular]
	Database driver: PostgreSQL JDBC Driver
	Database dialect: PostgreSQLDialect
	Database version: 18.3
	Default catalog/schema: loanEmiSchedular/public
	Autocommit mode: undefined/unknown
	Isolation level: READ_COMMITTED [default READ_COMMITTED]
	JDBC fetch size: none
	Pool: DataSourceConnectionProvider
	Minimum pool size: undefined/unknown
	Maximum pool size: undefined/unknown
2026-04-01T10:36:45.497+05:30  INFO 21804 --- [loanEmiSchedular] [restartedMain] org.hibernate.orm.core                   : HHH000489: No JTA platform available (set 'hibernate.transaction.jta.platform' to enable JTA platform integration)
2026-04-01T10:36:46.051+05:30  WARN 21804 --- [loanEmiSchedular] [restartedMain] org.hibernate.orm.jdbc.warn              : HHH000247: ErrorCode: 0, SQLState: 00000
2026-04-01T10:36:46.051+05:30  WARN 21804 --- [loanEmiSchedular] [restartedMain] org.hibernate.orm.jdbc.warn              : constraint "ukij64jgaa5eol2bkora1bblhn9" of relation "addresses" does not exist, skipping
2026-04-01T10:36:46.074+05:30  WARN 21804 --- [loanEmiSchedular] [restartedMain] org.hibernate.orm.jdbc.warn              : HHH000247: ErrorCode: 0, SQLState: 00000
2026-04-01T10:36:46.074+05:30  WARN 21804 --- [loanEmiSchedular] [restartedMain] org.hibernate.orm.jdbc.warn              : constraint "ukfs4g78uvigd193dvjt8xoxq22" of relation "borrower_profiles" does not exist, skipping
2026-04-01T10:36:46.091+05:30  WARN 21804 --- [loanEmiSchedular] [restartedMain] org.hibernate.orm.jdbc.warn              : HHH000247: ErrorCode: 0, SQLState: 00000
2026-04-01T10:36:46.091+05:30  WARN 21804 --- [loanEmiSchedular] [restartedMain] org.hibernate.orm.jdbc.warn              : constraint "uk3irgjxfxajvbjwii86nppaxv8" of relation "borrower_profiles" does not exist, skipping
2026-04-01T10:36:46.108+05:30  WARN 21804 --- [loanEmiSchedular] [restartedMain] org.hibernate.orm.jdbc.warn              : HHH000247: ErrorCode: 0, SQLState: 00000
2026-04-01T10:36:46.109+05:30  WARN 21804 --- [loanEmiSchedular] [restartedMain] org.hibernate.orm.jdbc.warn              : constraint "uk2u1wocp65pmmk73ww85pi5lvu" of relation "borrower_profiles" does not exist, skipping
2026-04-01T10:36:46.124+05:30  WARN 21804 --- [loanEmiSchedular] [restartedMain] org.hibernate.orm.jdbc.warn              : HHH000247: ErrorCode: 0, SQLState: 00000
2026-04-01T10:36:46.126+05:30  WARN 21804 --- [loanEmiSchedular] [restartedMain] org.hibernate.orm.jdbc.warn              : constraint "uk6dotkott2kjsp8vw4d0m25fb7" of relation "users" does not exist, skipping
2026-04-01T10:36:46.221+05:30  INFO 21804 --- [loanEmiSchedular] [restartedMain] j.LocalContainerEntityManagerFactoryBean : Initialized JPA EntityManagerFactory for persistence unit 'default'
2026-04-01T10:36:46.376+05:30  INFO 21804 --- [loanEmiSchedular] [restartedMain] o.s.d.j.r.query.QueryEnhancerFactories   : Hibernate is in classpath; If applicable, HQL parser will be used.
2026-04-01T10:36:46.818+05:30 DEBUG 21804 --- [loanEmiSchedular] [restartedMain] c.t.l.security.JwtAuthFilter             : Filter 'jwtAuthFilter' configured for use
2026-04-01T10:36:48.146+05:30  WARN 21804 --- [loanEmiSchedular] [restartedMain] JpaBaseConfiguration$JpaWebConfiguration : spring.jpa.open-in-view is enabled by default. Therefore, database queries may be performed during view rendering. Explicitly configure spring.jpa.open-in-view to disable this warning
2026-04-01T10:36:48.317+05:30  WARN 21804 --- [loanEmiSchedular] [restartedMain] .s.a.UserDetailsServiceAutoConfiguration : 

Using generated security password: 537f0c26-cd8c-40c9-89a9-a3e09ed770be

This generated password is for development use only. Your security configuration must be updated before running your application in production.

2026-04-01T10:36:48.327+05:30  INFO 21804 --- [loanEmiSchedular] [restartedMain] r$InitializeUserDetailsManagerConfigurer : Global AuthenticationManager configured with UserDetailsService bean with name inMemoryUserDetailsManager
2026-04-01T10:36:49.108+05:30  INFO 21804 --- [loanEmiSchedular] [restartedMain] o.s.boot.tomcat.TomcatWebServer          : Tomcat started on port 8080 (http) with context path '/'
2026-04-01T10:36:49.128+05:30  INFO 21804 --- [loanEmiSchedular] [restartedMain] c.t.l.LoanEmiSchedularApplication        : Started LoanEmiSchedularApplication in 14.351 seconds (process running for 15.508)
2026-04-01T10:37:28.437+05:30  INFO 21804 --- [loanEmiSchedular] [http-nio-8080-exec-2] o.a.c.c.C.[Tomcat].[localhost].[/]       : Initializing Spring DispatcherServlet 'dispatcherServlet'
2026-04-01T10:37:28.438+05:30  INFO 21804 --- [loanEmiSchedular] [http-nio-8080-exec-2] o.s.web.servlet.DispatcherServlet        : Initializing Servlet 'dispatcherServlet'
2026-04-01T10:37:28.441+05:30  INFO 21804 --- [loanEmiSchedular] [http-nio-8080-exec-2] o.s.web.servlet.DispatcherServlet        : Completed initialization in 3 ms
2026-04-01T10:38:26.116+05:30  WARN 21804 --- [loanEmiSchedular] [http-nio-8080-exec-5] .m.m.a.ExceptionHandlerExceptionResolver : Resolved [java.lang.RuntimeException: Invalid password]
2026-04-01T10:39:17.309+05:30  INFO 21804 --- [loanEmiSchedular] [SpringApplicationShutdownHook] o.s.boot.tomcat.GracefulShutdown         : Commencing graceful shutdown. Waiting for active requests to complete
2026-04-01T10:39:17.868+05:30  INFO 21804 --- [loanEmiSchedular] [tomcat-shutdown] o.s.boot.tomcat.GracefulShutdown         : Graceful shutdown complete
2026-04-01T10:39:17.884+05:30  INFO 21804 --- [loanEmiSchedular] [SpringApplicationShutdownHook] j.LocalContainerEntityManagerFactoryBean : Closing JPA EntityManagerFactory for persistence unit 'default'
2026-04-01T10:39:17.894+05:30  INFO 21804 --- [loanEmiSchedular] [SpringApplicationShutdownHook] com.zaxxer.hikari.HikariDataSource       : HikariPool-1 - Shutdown initiated...
2026-04-01T10:39:17.916+05:30  INFO 21804 --- [loanEmiSchedular] [SpringApplicationShutdownHook] com.zaxxer.hikari.HikariDataSource       : HikariPool-1 - Shutdown completed.
2026-04-01T10:41:04.277+05:30  INFO 976 --- [loanEmiSchedular] [restartedMain] c.t.l.LoanEmiSchedularApplication        : Starting LoanEmiSchedularApplication using Java 18.0.2.1 with PID 976 (C:\Users\Rahul.Dave\Desktop\loanEmiSchedular\target\classes started by Rahul.Dave in C:\Users\Rahul.Dave\Desktop\loanEmiSchedular)
2026-04-01T10:41:04.287+05:30 DEBUG 976 --- [loanEmiSchedular] [restartedMain] c.t.l.LoanEmiSchedularApplication        : Running with Spring Boot v4.0.4, Spring v7.0.6
2026-04-01T10:41:04.288+05:30  INFO 976 --- [loanEmiSchedular] [restartedMain] c.t.l.LoanEmiSchedularApplication        : No active profile set, falling back to 1 default profile: "default"
2026-04-01T10:41:04.383+05:30  INFO 976 --- [loanEmiSchedular] [restartedMain] .e.DevToolsPropertyDefaultsPostProcessor : Devtools property defaults active! Set 'spring.devtools.add-properties' to 'false' to disable
2026-04-01T10:41:04.384+05:30  INFO 976 --- [loanEmiSchedular] [restartedMain] .e.DevToolsPropertyDefaultsPostProcessor : For additional web related logging consider setting the 'logging.level.web' property to 'DEBUG'
2026-04-01T10:41:05.381+05:30  INFO 976 --- [loanEmiSchedular] [restartedMain] .s.d.r.c.RepositoryConfigurationDelegate : Bootstrapping Spring Data JPA repositories in DEFAULT mode.
2026-04-01T10:41:05.474+05:30  INFO 976 --- [loanEmiSchedular] [restartedMain] .s.d.r.c.RepositoryConfigurationDelegate : Finished Spring Data repository scanning in 83 ms. Found 7 JPA repository interfaces.
2026-04-01T10:41:06.356+05:30  INFO 976 --- [loanEmiSchedular] [restartedMain] o.s.boot.tomcat.TomcatWebServer          : Tomcat initialized with port 8080 (http)
2026-04-01T10:41:06.371+05:30  INFO 976 --- [loanEmiSchedular] [restartedMain] o.apache.catalina.core.StandardService   : Starting service [Tomcat]
2026-04-01T10:41:06.371+05:30  INFO 976 --- [loanEmiSchedular] [restartedMain] o.apache.catalina.core.StandardEngine    : Starting Servlet engine: [Apache Tomcat/11.0.18]
2026-04-01T10:41:06.429+05:30  INFO 976 --- [loanEmiSchedular] [restartedMain] b.w.c.s.WebApplicationContextInitializer : Root WebApplicationContext: initialization completed in 2043 ms
2026-04-01T10:41:06.607+05:30  INFO 976 --- [loanEmiSchedular] [restartedMain] org.hibernate.orm.jpa                    : HHH008540: Processing PersistenceUnitInfo [name: default]
2026-04-01T10:41:06.723+05:30  INFO 976 --- [loanEmiSchedular] [restartedMain] org.hibernate.orm.core                   : HHH000001: Hibernate ORM core version 7.2.7.Final
2026-04-01T10:41:07.271+05:30  INFO 976 --- [loanEmiSchedular] [restartedMain] o.s.o.j.p.SpringPersistenceUnitInfo      : No LoadTimeWeaver setup: ignoring JPA class transformer
2026-04-01T10:41:07.311+05:30  INFO 976 --- [loanEmiSchedular] [restartedMain] com.zaxxer.hikari.HikariDataSource       : HikariPool-1 - Starting...
2026-04-01T10:41:07.560+05:30  INFO 976 --- [loanEmiSchedular] [restartedMain] com.zaxxer.hikari.pool.HikariPool        : HikariPool-1 - Added connection org.postgresql.jdbc.PgConnection@4b5447d7
2026-04-01T10:41:07.564+05:30  INFO 976 --- [loanEmiSchedular] [restartedMain] com.zaxxer.hikari.HikariDataSource       : HikariPool-1 - Start completed.
2026-04-01T10:41:07.647+05:30  INFO 976 --- [loanEmiSchedular] [restartedMain] org.hibernate.orm.connections.pooling    : HHH10001005: Database info:
	Database JDBC URL [jdbc:postgresql://localhost:5432/loanEmiSchedular]
	Database driver: PostgreSQL JDBC Driver
	Database dialect: PostgreSQLDialect
	Database version: 18.3
	Default catalog/schema: loanEmiSchedular/public
	Autocommit mode: undefined/unknown
	Isolation level: READ_COMMITTED [default READ_COMMITTED]
	JDBC fetch size: none
	Pool: DataSourceConnectionProvider
	Minimum pool size: undefined/unknown
	Maximum pool size: undefined/unknown
2026-04-01T10:41:09.195+05:30  INFO 976 --- [loanEmiSchedular] [restartedMain] org.hibernate.orm.core                   : HHH000489: No JTA platform available (set 'hibernate.transaction.jta.platform' to enable JTA platform integration)
2026-04-01T10:41:09.449+05:30  WARN 976 --- [loanEmiSchedular] [restartedMain] org.hibernate.orm.jdbc.warn              : HHH000247: ErrorCode: 0, SQLState: 00000
2026-04-01T10:41:09.450+05:30  WARN 976 --- [loanEmiSchedular] [restartedMain] org.hibernate.orm.jdbc.warn              : constraint "ukij64jgaa5eol2bkora1bblhn9" of relation "addresses" does not exist, skipping
2026-04-01T10:41:09.457+05:30  WARN 976 --- [loanEmiSchedular] [restartedMain] org.hibernate.orm.jdbc.warn              : HHH000247: ErrorCode: 0, SQLState: 00000
2026-04-01T10:41:09.458+05:30  WARN 976 --- [loanEmiSchedular] [restartedMain] org.hibernate.orm.jdbc.warn              : constraint "ukfs4g78uvigd193dvjt8xoxq22" of relation "borrower_profiles" does not exist, skipping
2026-04-01T10:41:09.470+05:30  WARN 976 --- [loanEmiSchedular] [restartedMain] org.hibernate.orm.jdbc.warn              : HHH000247: ErrorCode: 0, SQLState: 00000
2026-04-01T10:41:09.470+05:30  WARN 976 --- [loanEmiSchedular] [restartedMain] org.hibernate.orm.jdbc.warn              : constraint "uk3irgjxfxajvbjwii86nppaxv8" of relation "borrower_profiles" does not exist, skipping
2026-04-01T10:41:09.479+05:30  WARN 976 --- [loanEmiSchedular] [restartedMain] org.hibernate.orm.jdbc.warn              : HHH000247: ErrorCode: 0, SQLState: 00000
2026-04-01T10:41:09.479+05:30  WARN 976 --- [loanEmiSchedular] [restartedMain] org.hibernate.orm.jdbc.warn              : constraint "uk2u1wocp65pmmk73ww85pi5lvu" of relation "borrower_profiles" does not exist, skipping
2026-04-01T10:41:09.486+05:30  WARN 976 --- [loanEmiSchedular] [restartedMain] org.hibernate.orm.jdbc.warn              : HHH000247: ErrorCode: 0, SQLState: 00000
2026-04-01T10:41:09.486+05:30  WARN 976 --- [loanEmiSchedular] [restartedMain] org.hibernate.orm.jdbc.warn              : constraint "uk6dotkott2kjsp8vw4d0m25fb7" of relation "users" does not exist, skipping
2026-04-01T10:41:09.518+05:30  INFO 976 --- [loanEmiSchedular] [restartedMain] j.LocalContainerEntityManagerFactoryBean : Initialized JPA EntityManagerFactory for persistence unit 'default'
2026-04-01T10:41:09.595+05:30  INFO 976 --- [loanEmiSchedular] [restartedMain] o.s.d.j.r.query.QueryEnhancerFactories   : Hibernate is in classpath; If applicable, HQL parser will be used.
2026-04-01T10:41:09.874+05:30 DEBUG 976 --- [loanEmiSchedular] [restartedMain] c.t.l.security.JwtAuthFilter             : Filter 'jwtAuthFilter' configured for use
2026-04-01T10:41:10.873+05:30  WARN 976 --- [loanEmiSchedular] [restartedMain] JpaBaseConfiguration$JpaWebConfiguration : spring.jpa.open-in-view is enabled by default. Therefore, database queries may be performed during view rendering. Explicitly configure spring.jpa.open-in-view to disable this warning
2026-04-01T10:41:11.029+05:30  WARN 976 --- [loanEmiSchedular] [restartedMain] .s.a.UserDetailsServiceAutoConfiguration : 

Using generated security password: 61f9db9e-363b-4e8f-9566-04ea3b8e91d7

This generated password is for development use only. Your security configuration must be updated before running your application in production.

2026-04-01T10:41:11.038+05:30  INFO 976 --- [loanEmiSchedular] [restartedMain] r$InitializeUserDetailsManagerConfigurer : Global AuthenticationManager configured with UserDetailsService bean with name inMemoryUserDetailsManager
2026-04-01T10:41:11.803+05:30  INFO 976 --- [loanEmiSchedular] [restartedMain] o.s.boot.tomcat.TomcatWebServer          : Tomcat started on port 8080 (http) with context path '/'
2026-04-01T10:41:11.818+05:30  INFO 976 --- [loanEmiSchedular] [restartedMain] c.t.l.LoanEmiSchedularApplication        : Started LoanEmiSchedularApplication in 8.284 seconds (process running for 9.496)
2026-04-01T10:52:13.676+05:30  INFO 976 --- [loanEmiSchedular] [SpringApplicationShutdownHook] o.s.boot.tomcat.GracefulShutdown         : Commencing graceful shutdown. Waiting for active requests to complete
2026-04-01T10:52:14.229+05:30  INFO 976 --- [loanEmiSchedular] [tomcat-shutdown] o.s.boot.tomcat.GracefulShutdown         : Graceful shutdown complete
2026-04-01T10:52:14.257+05:30  INFO 976 --- [loanEmiSchedular] [SpringApplicationShutdownHook] j.LocalContainerEntityManagerFactoryBean : Closing JPA EntityManagerFactory for persistence unit 'default'
2026-04-01T10:52:14.303+05:30  INFO 976 --- [loanEmiSchedular] [SpringApplicationShutdownHook] com.zaxxer.hikari.HikariDataSource       : HikariPool-1 - Shutdown initiated...
2026-04-01T10:52:14.326+05:30  INFO 976 --- [loanEmiSchedular] [SpringApplicationShutdownHook] com.zaxxer.hikari.HikariDataSource       : HikariPool-1 - Shutdown completed.
2026-04-01T11:53:49.334+05:30  INFO 8676 --- [loanEmiSchedular] [restartedMain] c.t.l.LoanEmiSchedularApplication        : Starting LoanEmiSchedularApplication using Java 18.0.2.1 with PID 8676 (C:\Users\Rahul.Dave\Desktop\loanEmiSchedular\target\classes started by Rahul.Dave in C:\Users\Rahul.Dave\Desktop\loanEmiSchedular)
2026-04-01T11:53:49.339+05:30 DEBUG 8676 --- [loanEmiSchedular] [restartedMain] c.t.l.LoanEmiSchedularApplication        : Running with Spring Boot v4.0.4, Spring v7.0.6
2026-04-01T11:53:49.341+05:30  INFO 8676 --- [loanEmiSchedular] [restartedMain] c.t.l.LoanEmiSchedularApplication        : No active profile set, falling back to 1 default profile: "default"
2026-04-01T11:53:49.434+05:30  INFO 8676 --- [loanEmiSchedular] [restartedMain] .e.DevToolsPropertyDefaultsPostProcessor : Devtools property defaults active! Set 'spring.devtools.add-properties' to 'false' to disable
2026-04-01T11:53:49.434+05:30  INFO 8676 --- [loanEmiSchedular] [restartedMain] .e.DevToolsPropertyDefaultsPostProcessor : For additional web related logging consider setting the 'logging.level.web' property to 'DEBUG'
2026-04-01T11:53:50.900+05:30  INFO 8676 --- [loanEmiSchedular] [restartedMain] .s.d.r.c.RepositoryConfigurationDelegate : Bootstrapping Spring Data JPA repositories in DEFAULT mode.
2026-04-01T11:53:51.010+05:30  INFO 8676 --- [loanEmiSchedular] [restartedMain] .s.d.r.c.RepositoryConfigurationDelegate : Finished Spring Data repository scanning in 97 ms. Found 7 JPA repository interfaces.
2026-04-01T11:53:52.108+05:30  INFO 8676 --- [loanEmiSchedular] [restartedMain] o.s.boot.tomcat.TomcatWebServer          : Tomcat initialized with port 8080 (http)
2026-04-01T11:53:52.127+05:30  INFO 8676 --- [loanEmiSchedular] [restartedMain] o.apache.catalina.core.StandardService   : Starting service [Tomcat]
2026-04-01T11:53:52.128+05:30  INFO 8676 --- [loanEmiSchedular] [restartedMain] o.apache.catalina.core.StandardEngine    : Starting Servlet engine: [Apache Tomcat/11.0.18]
2026-04-01T11:53:52.179+05:30  INFO 8676 --- [loanEmiSchedular] [restartedMain] b.w.c.s.WebApplicationContextInitializer : Root WebApplicationContext: initialization completed in 2743 ms
2026-04-01T11:53:52.370+05:30  INFO 8676 --- [loanEmiSchedular] [restartedMain] org.hibernate.orm.jpa                    : HHH008540: Processing PersistenceUnitInfo [name: default]
2026-04-01T11:53:52.447+05:30  INFO 8676 --- [loanEmiSchedular] [restartedMain] org.hibernate.orm.core                   : HHH000001: Hibernate ORM core version 7.2.7.Final
2026-04-01T11:53:53.068+05:30  INFO 8676 --- [loanEmiSchedular] [restartedMain] o.s.o.j.p.SpringPersistenceUnitInfo      : No LoadTimeWeaver setup: ignoring JPA class transformer
2026-04-01T11:53:53.118+05:30  INFO 8676 --- [loanEmiSchedular] [restartedMain] com.zaxxer.hikari.HikariDataSource       : HikariPool-1 - Starting...
2026-04-01T11:53:53.402+05:30  INFO 8676 --- [loanEmiSchedular] [restartedMain] com.zaxxer.hikari.pool.HikariPool        : HikariPool-1 - Added connection org.postgresql.jdbc.PgConnection@4b5447d7
2026-04-01T11:53:53.405+05:30  INFO 8676 --- [loanEmiSchedular] [restartedMain] com.zaxxer.hikari.HikariDataSource       : HikariPool-1 - Start completed.
2026-04-01T11:53:53.528+05:30  INFO 8676 --- [loanEmiSchedular] [restartedMain] org.hibernate.orm.connections.pooling    : HHH10001005: Database info:
	Database JDBC URL [jdbc:postgresql://localhost:5432/loanEmiSchedular]
	Database driver: PostgreSQL JDBC Driver
	Database dialect: PostgreSQLDialect
	Database version: 18.3
	Default catalog/schema: loanEmiSchedular/public
	Autocommit mode: undefined/unknown
	Isolation level: READ_COMMITTED [default READ_COMMITTED]
	JDBC fetch size: none
	Pool: DataSourceConnectionProvider
	Minimum pool size: undefined/unknown
	Maximum pool size: undefined/unknown
2026-04-01T11:53:55.176+05:30  INFO 8676 --- [loanEmiSchedular] [restartedMain] org.hibernate.orm.core                   : HHH000489: No JTA platform available (set 'hibernate.transaction.jta.platform' to enable JTA platform integration)
2026-04-01T11:53:55.313+05:30  INFO 8676 --- [loanEmiSchedular] [restartedMain] j.LocalContainerEntityManagerFactoryBean : Initialized JPA EntityManagerFactory for persistence unit 'default'
2026-04-01T11:53:55.399+05:30  INFO 8676 --- [loanEmiSchedular] [restartedMain] o.s.d.j.r.query.QueryEnhancerFactories   : Hibernate is in classpath; If applicable, HQL parser will be used.
2026-04-01T11:53:55.669+05:30 DEBUG 8676 --- [loanEmiSchedular] [restartedMain] c.t.l.security.JwtAuthFilter             : Filter 'jwtAuthFilter' configured for use
2026-04-01T11:53:56.692+05:30  WARN 8676 --- [loanEmiSchedular] [restartedMain] JpaBaseConfiguration$JpaWebConfiguration : spring.jpa.open-in-view is enabled by default. Therefore, database queries may be performed during view rendering. Explicitly configure spring.jpa.open-in-view to disable this warning
2026-04-01T11:53:56.843+05:30  WARN 8676 --- [loanEmiSchedular] [restartedMain] .s.a.UserDetailsServiceAutoConfiguration : 

Using generated security password: 0aa1fe73-d730-4a1d-bcbd-c578fc6d8fb6

This generated password is for development use only. Your security configuration must be updated before running your application in production.

2026-04-01T11:53:56.851+05:30  INFO 8676 --- [loanEmiSchedular] [restartedMain] r$InitializeUserDetailsManagerConfigurer : Global AuthenticationManager configured with UserDetailsService bean with name inMemoryUserDetailsManager
2026-04-01T11:53:57.568+05:30  INFO 8676 --- [loanEmiSchedular] [restartedMain] o.s.boot.tomcat.TomcatWebServer          : Tomcat started on port 8080 (http) with context path '/'
2026-04-01T11:53:57.579+05:30  INFO 8676 --- [loanEmiSchedular] [restartedMain] c.t.l.LoanEmiSchedularApplication        : Started LoanEmiSchedularApplication in 8.94 seconds (process running for 10.289)
2026-04-01T11:54:06.954+05:30  INFO 8676 --- [loanEmiSchedular] [http-nio-8080-exec-4] o.a.c.c.C.[Tomcat].[localhost].[/]       : Initializing Spring DispatcherServlet 'dispatcherServlet'
2026-04-01T11:54:06.954+05:30  INFO 8676 --- [loanEmiSchedular] [http-nio-8080-exec-4] o.s.web.servlet.DispatcherServlet        : Initializing Servlet 'dispatcherServlet'
2026-04-01T11:54:06.957+05:30  INFO 8676 --- [loanEmiSchedular] [http-nio-8080-exec-4] o.s.web.servlet.DispatcherServlet        : Completed initialization in 2 ms
2026-04-01T11:59:20.023+05:30  INFO 8676 --- [loanEmiSchedular] [http-nio-8080-exec-1] c.t.l.service.impl.LoanServiceImpl       : Applying loan for user: swap.kul20@gmail.com
2026-04-01T11:59:20.138+05:30  INFO 8676 --- [loanEmiSchedular] [http-nio-8080-exec-1] c.t.l.service.impl.LoanServiceImpl       : Loan applied of user: swap.kul20@gmail.com
2026-04-01T12:02:31.651+05:30  WARN 8676 --- [loanEmiSchedular] [http-nio-8080-exec-6] .m.m.a.ExceptionHandlerExceptionResolver : Resolved [java.lang.RuntimeException: No EMI schedule generated]
2026-04-01T12:06:40.293+05:30  INFO 8676 --- [loanEmiSchedular] [SpringApplicationShutdownHook] o.s.boot.tomcat.GracefulShutdown         : Commencing graceful shutdown. Waiting for active requests to complete
2026-04-01T12:06:40.606+05:30  INFO 8676 --- [loanEmiSchedular] [tomcat-shutdown] o.s.boot.tomcat.GracefulShutdown         : Graceful shutdown complete
2026-04-01T12:06:40.620+05:30  INFO 8676 --- [loanEmiSchedular] [SpringApplicationShutdownHook] j.LocalContainerEntityManagerFactoryBean : Closing JPA EntityManagerFactory for persistence unit 'default'
2026-04-01T12:06:40.635+05:30  INFO 8676 --- [loanEmiSchedular] [SpringApplicationShutdownHook] com.zaxxer.hikari.HikariDataSource       : HikariPool-1 - Shutdown initiated...
2026-04-01T12:06:40.640+05:30  INFO 8676 --- [loanEmiSchedular] [SpringApplicationShutdownHook] com.zaxxer.hikari.HikariDataSource       : HikariPool-1 - Shutdown completed.
2026-04-01T12:06:48.426+05:30  INFO 10084 --- [loanEmiSchedular] [restartedMain] c.t.l.LoanEmiSchedularApplication        : Starting LoanEmiSchedularApplication using Java 18.0.2.1 with PID 10084 (C:\Users\Rahul.Dave\Desktop\loanEmiSchedular\target\classes started by Rahul.Dave in C:\Users\Rahul.Dave\Desktop\loanEmiSchedular)
2026-04-01T12:06:48.430+05:30 DEBUG 10084 --- [loanEmiSchedular] [restartedMain] c.t.l.LoanEmiSchedularApplication        : Running with Spring Boot v4.0.4, Spring v7.0.6
2026-04-01T12:06:48.432+05:30  INFO 10084 --- [loanEmiSchedular] [restartedMain] c.t.l.LoanEmiSchedularApplication        : No active profile set, falling back to 1 default profile: "default"
2026-04-01T12:06:48.519+05:30  INFO 10084 --- [loanEmiSchedular] [restartedMain] .e.DevToolsPropertyDefaultsPostProcessor : Devtools property defaults active! Set 'spring.devtools.add-properties' to 'false' to disable
2026-04-01T12:06:48.519+05:30  INFO 10084 --- [loanEmiSchedular] [restartedMain] .e.DevToolsPropertyDefaultsPostProcessor : For additional web related logging consider setting the 'logging.level.web' property to 'DEBUG'
2026-04-01T12:06:49.584+05:30  INFO 10084 --- [loanEmiSchedular] [restartedMain] .s.d.r.c.RepositoryConfigurationDelegate : Bootstrapping Spring Data JPA repositories in DEFAULT mode.
2026-04-01T12:06:49.687+05:30  INFO 10084 --- [loanEmiSchedular] [restartedMain] .s.d.r.c.RepositoryConfigurationDelegate : Finished Spring Data repository scanning in 87 ms. Found 7 JPA repository interfaces.
2026-04-01T12:06:50.663+05:30  INFO 10084 --- [loanEmiSchedular] [restartedMain] o.s.boot.tomcat.TomcatWebServer          : Tomcat initialized with port 8080 (http)
2026-04-01T12:06:50.677+05:30  INFO 10084 --- [loanEmiSchedular] [restartedMain] o.apache.catalina.core.StandardService   : Starting service [Tomcat]
2026-04-01T12:06:50.677+05:30  INFO 10084 --- [loanEmiSchedular] [restartedMain] o.apache.catalina.core.StandardEngine    : Starting Servlet engine: [Apache Tomcat/11.0.18]
2026-04-01T12:06:50.732+05:30  INFO 10084 --- [loanEmiSchedular] [restartedMain] b.w.c.s.WebApplicationContextInitializer : Root WebApplicationContext: initialization completed in 2212 ms
2026-04-01T12:06:50.937+05:30  INFO 10084 --- [loanEmiSchedular] [restartedMain] org.hibernate.orm.jpa                    : HHH008540: Processing PersistenceUnitInfo [name: default]
2026-04-01T12:06:51.017+05:30  INFO 10084 --- [loanEmiSchedular] [restartedMain] org.hibernate.orm.core                   : HHH000001: Hibernate ORM core version 7.2.7.Final
2026-04-01T12:06:51.600+05:30  INFO 10084 --- [loanEmiSchedular] [restartedMain] o.s.o.j.p.SpringPersistenceUnitInfo      : No LoadTimeWeaver setup: ignoring JPA class transformer
2026-04-01T12:06:51.637+05:30  INFO 10084 --- [loanEmiSchedular] [restartedMain] com.zaxxer.hikari.HikariDataSource       : HikariPool-1 - Starting...
2026-04-01T12:06:52.034+05:30  INFO 10084 --- [loanEmiSchedular] [restartedMain] com.zaxxer.hikari.pool.HikariPool        : HikariPool-1 - Added connection org.postgresql.jdbc.PgConnection@1f374a28
2026-04-01T12:06:52.036+05:30  INFO 10084 --- [loanEmiSchedular] [restartedMain] com.zaxxer.hikari.HikariDataSource       : HikariPool-1 - Start completed.
2026-04-01T12:06:52.138+05:30  INFO 10084 --- [loanEmiSchedular] [restartedMain] org.hibernate.orm.connections.pooling    : HHH10001005: Database info:
	Database JDBC URL [jdbc:postgresql://localhost:5432/loanEmiSchedular]
	Database driver: PostgreSQL JDBC Driver
	Database dialect: PostgreSQLDialect
	Database version: 18.3
	Default catalog/schema: loanEmiSchedular/public
	Autocommit mode: undefined/unknown
	Isolation level: READ_COMMITTED [default READ_COMMITTED]
	JDBC fetch size: none
	Pool: DataSourceConnectionProvider
	Minimum pool size: undefined/unknown
	Maximum pool size: undefined/unknown
2026-04-01T12:06:54.443+05:30  INFO 10084 --- [loanEmiSchedular] [restartedMain] org.hibernate.orm.core                   : HHH000489: No JTA platform available (set 'hibernate.transaction.jta.platform' to enable JTA platform integration)
2026-04-01T12:06:54.551+05:30  INFO 10084 --- [loanEmiSchedular] [restartedMain] j.LocalContainerEntityManagerFactoryBean : Initialized JPA EntityManagerFactory for persistence unit 'default'
2026-04-01T12:06:54.637+05:30  INFO 10084 --- [loanEmiSchedular] [restartedMain] o.s.d.j.r.query.QueryEnhancerFactories   : Hibernate is in classpath; If applicable, HQL parser will be used.
2026-04-01T12:06:54.970+05:30 DEBUG 10084 --- [loanEmiSchedular] [restartedMain] c.t.l.security.JwtAuthFilter             : Filter 'jwtAuthFilter' configured for use
2026-04-01T12:06:56.160+05:30  WARN 10084 --- [loanEmiSchedular] [restartedMain] JpaBaseConfiguration$JpaWebConfiguration : spring.jpa.open-in-view is enabled by default. Therefore, database queries may be performed during view rendering. Explicitly configure spring.jpa.open-in-view to disable this warning
2026-04-01T12:06:56.308+05:30  WARN 10084 --- [loanEmiSchedular] [restartedMain] .s.a.UserDetailsServiceAutoConfiguration : 

Using generated security password: 3d57c9cd-36cd-40c8-9ec2-ecd7f668a614

This generated password is for development use only. Your security configuration must be updated before running your application in production.

2026-04-01T12:06:56.319+05:30  INFO 10084 --- [loanEmiSchedular] [restartedMain] r$InitializeUserDetailsManagerConfigurer : Global AuthenticationManager configured with UserDetailsService bean with name inMemoryUserDetailsManager
2026-04-01T12:06:57.034+05:30  INFO 10084 --- [loanEmiSchedular] [restartedMain] o.s.boot.tomcat.TomcatWebServer          : Tomcat started on port 8080 (http) with context path '/'
2026-04-01T12:06:57.045+05:30  INFO 10084 --- [loanEmiSchedular] [restartedMain] c.t.l.LoanEmiSchedularApplication        : Started LoanEmiSchedularApplication in 9.328 seconds (process running for 10.36)
2026-04-01T12:07:04.482+05:30  INFO 10084 --- [loanEmiSchedular] [http-nio-8080-exec-2] o.a.c.c.C.[Tomcat].[localhost].[/]       : Initializing Spring DispatcherServlet 'dispatcherServlet'
2026-04-01T12:07:04.483+05:30  INFO 10084 --- [loanEmiSchedular] [http-nio-8080-exec-2] o.s.web.servlet.DispatcherServlet        : Initializing Servlet 'dispatcherServlet'
2026-04-01T12:07:04.488+05:30  INFO 10084 --- [loanEmiSchedular] [http-nio-8080-exec-2] o.s.web.servlet.DispatcherServlet        : Completed initialization in 4 ms
2026-04-01T12:08:55.024+05:30  WARN 10084 --- [loanEmiSchedular] [http-nio-8080-exec-3] ration$PageModule$WarningLoggingModifier : Serializing PageImpl instances as-is is not supported, meaning that there is no guarantee about the stability of the resulting JSON structure!
	For a stable JSON structure, please use Spring Data's PagedModel (globally via @EnableSpringDataWebSupport(pageSerializationMode = VIA_DTO))
	or Spring HATEOAS and Spring Data's PagedResourcesAssembler as documented in https://docs.spring.io/spring-data/commons/reference/repositories/core-extensions.html#core.web.pageables.

2026-04-01T12:12:34.347+05:30  WARN 10084 --- [loanEmiSchedular] [http-nio-8080-exec-4] .m.m.a.ExceptionHandlerExceptionResolver : Resolved [org.springframework.security.authorization.AuthorizationDeniedException: Access Denied]
2026-04-01T12:12:46.137+05:30  WARN 10084 --- [loanEmiSchedular] [http-nio-8080-exec-5] .m.m.a.ExceptionHandlerExceptionResolver : Resolved [org.springframework.security.authorization.AuthorizationDeniedException: Access Denied]
2026-04-01T12:13:08.764+05:30  WARN 10084 --- [loanEmiSchedular] [http-nio-8080-exec-3] .m.m.a.ExceptionHandlerExceptionResolver : Resolved [org.springframework.security.authorization.AuthorizationDeniedException: Access Denied]
2026-04-01T12:13:42.154+05:30  INFO 10084 --- [loanEmiSchedular] [http-nio-8080-exec-10] c.t.l.service.impl.PaymentServiceImpl    : EMI #1 paid for loan 1. TxnId: TXN-831CE243-68E
2026-04-01T12:14:17.504+05:30  INFO 10084 --- [loanEmiSchedular] [http-nio-8080-exec-1] c.t.l.service.impl.PaymentServiceImpl    : EMI #2 paid for loan 1. TxnId: TXN-E4B014AE-950
2026-04-01T12:17:07.077+05:30  INFO 10084 --- [loanEmiSchedular] [http-nio-8080-exec-6] c.t.l.service.impl.LoanServiceImpl       : Applying loan for user: swap.kul20@gmail.com
2026-04-01T12:17:07.161+05:30  WARN 10084 --- [loanEmiSchedular] [http-nio-8080-exec-6] .m.m.a.ExceptionHandlerExceptionResolver : Resolved [java.lang.RuntimeException: Loan Rejected !! High DTI]
2026-04-01T12:17:29.263+05:30  INFO 10084 --- [loanEmiSchedular] [http-nio-8080-exec-8] c.t.l.service.impl.LoanServiceImpl       : Applying loan for user: swap.kul20@gmail.com
2026-04-01T12:17:29.287+05:30  WARN 10084 --- [loanEmiSchedular] [http-nio-8080-exec-8] .m.m.a.ExceptionHandlerExceptionResolver : Resolved [java.lang.RuntimeException: Loan Rejected !! High DTI]
2026-04-01T12:17:33.606+05:30  INFO 10084 --- [loanEmiSchedular] [http-nio-8080-exec-10] c.t.l.service.impl.LoanServiceImpl       : Applying loan for user: swap.kul20@gmail.com
2026-04-01T12:17:33.633+05:30  WARN 10084 --- [loanEmiSchedular] [http-nio-8080-exec-10] .m.m.a.ExceptionHandlerExceptionResolver : Resolved [java.lang.RuntimeException: Loan Rejected !! High DTI]
2026-04-01T12:17:42.134+05:30  WARN 10084 --- [loanEmiSchedular] [http-nio-8080-exec-2] .m.m.a.ExceptionHandlerExceptionResolver : Resolved [org.springframework.web.bind.MethodArgumentNotValidException: Validation failed for argument [0] in public org.springframework.http.ResponseEntity<java.lang.String> com.tss.loanEmiSchedular.controller.LoanController.applyLoan(com.tss.loanEmiSchedular.dto.request.LoanApplicationRequest,org.springframework.security.core.Authentication): [Field error in object 'loanApplicationRequest' on field 'loanAmount': rejected value [100]; codes [DecimalMin.loanApplicationRequest.loanAmount,DecimalMin.loanAmount,DecimalMin.java.math.BigDecimal,DecimalMin]; arguments [org.springframework.context.support.DefaultMessageSourceResolvable: codes [loanApplicationRequest.loanAmount,loanAmount]; arguments []; default message [loanAmount],true,1000.00]; default message [Loan amount must be at least 1000]] ]
2026-04-01T12:17:48.156+05:30  INFO 10084 --- [loanEmiSchedular] [http-nio-8080-exec-7] c.t.l.service.impl.LoanServiceImpl       : Applying loan for user: swap.kul20@gmail.com
2026-04-01T12:17:48.187+05:30  WARN 10084 --- [loanEmiSchedular] [http-nio-8080-exec-7] .m.m.a.ExceptionHandlerExceptionResolver : Resolved [java.lang.RuntimeException: Loan Rejected !! High DTI]
2026-04-01T12:18:11.519+05:30  INFO 10084 --- [loanEmiSchedular] [http-nio-8080-exec-6] c.t.l.service.impl.LoanServiceImpl       : Applying loan for user: daverahul6181@gmail.com
2026-04-01T12:18:11.539+05:30  INFO 10084 --- [loanEmiSchedular] [http-nio-8080-exec-6] c.t.l.service.impl.LoanServiceImpl       : Loan applied of user: daverahul6181@gmail.com
2026-04-01T12:19:56.396+05:30  WARN 10084 --- [loanEmiSchedular] [http-nio-8080-exec-1] .m.m.a.ExceptionHandlerExceptionResolver : Resolved [java.lang.RuntimeException: Access denied: this loan does not belong to you]
2026-04-01T12:20:18.534+05:30  WARN 10084 --- [loanEmiSchedular] [http-nio-8080-exec-7] .m.m.a.ExceptionHandlerExceptionResolver : Resolved [java.lang.RuntimeException: Access denied: this loan does not belong to you]
2026-04-01T12:20:26.183+05:30  INFO 10084 --- [loanEmiSchedular] [http-nio-8080-exec-6] c.t.l.service.impl.PaymentServiceImpl    : EMI #1 paid for loan 2. TxnId: TXN-3F8740BC-9F2
2026-04-01T12:20:50.365+05:30  WARN 10084 --- [loanEmiSchedular] [http-nio-8080-exec-8] .m.m.a.ExceptionHandlerExceptionResolver : Resolved [org.springframework.http.converter.HttpMessageNotReadableException: JSON parse error: Unexpected character ('"' (code 34)): was expecting comma to separate Object entries]
2026-04-01T12:27:06.381+05:30  WARN 10084 --- [loanEmiSchedular] [http-nio-8080-exec-5] .m.m.a.ExceptionHandlerExceptionResolver : Resolved [java.lang.RuntimeException: Access denied: this loan does not belong to you]
2026-04-01T12:27:35.515+05:30  INFO 10084 --- [loanEmiSchedular] [SpringApplicationShutdownHook] o.s.boot.tomcat.GracefulShutdown         : Commencing graceful shutdown. Waiting for active requests to complete
2026-04-01T12:27:36.116+05:30  INFO 10084 --- [loanEmiSchedular] [tomcat-shutdown] o.s.boot.tomcat.GracefulShutdown         : Graceful shutdown complete
2026-04-01T12:27:36.137+05:30  INFO 10084 --- [loanEmiSchedular] [SpringApplicationShutdownHook] j.LocalContainerEntityManagerFactoryBean : Closing JPA EntityManagerFactory for persistence unit 'default'
2026-04-01T12:27:36.153+05:30  INFO 10084 --- [loanEmiSchedular] [SpringApplicationShutdownHook] com.zaxxer.hikari.HikariDataSource       : HikariPool-1 - Shutdown initiated...
2026-04-01T12:27:36.158+05:30  INFO 10084 --- [loanEmiSchedular] [SpringApplicationShutdownHook] com.zaxxer.hikari.HikariDataSource       : HikariPool-1 - Shutdown completed.
2026-04-01T12:27:44.545+05:30  INFO 22040 --- [loanEmiSchedular] [restartedMain] c.t.l.LoanEmiSchedularApplication        : Starting LoanEmiSchedularApplication using Java 18.0.2.1 with PID 22040 (C:\Users\Rahul.Dave\Desktop\loanEmiSchedular\target\classes started by Rahul.Dave in C:\Users\Rahul.Dave\Desktop\loanEmiSchedular)
2026-04-01T12:27:44.550+05:30 DEBUG 22040 --- [loanEmiSchedular] [restartedMain] c.t.l.LoanEmiSchedularApplication        : Running with Spring Boot v4.0.4, Spring v7.0.6
2026-04-01T12:27:44.553+05:30  INFO 22040 --- [loanEmiSchedular] [restartedMain] c.t.l.LoanEmiSchedularApplication        : No active profile set, falling back to 1 default profile: "default"
2026-04-01T12:27:44.670+05:30  INFO 22040 --- [loanEmiSchedular] [restartedMain] .e.DevToolsPropertyDefaultsPostProcessor : Devtools property defaults active! Set 'spring.devtools.add-properties' to 'false' to disable
2026-04-01T12:27:44.671+05:30  INFO 22040 --- [loanEmiSchedular] [restartedMain] .e.DevToolsPropertyDefaultsPostProcessor : For additional web related logging consider setting the 'logging.level.web' property to 'DEBUG'
2026-04-01T12:27:47.683+05:30  INFO 22040 --- [loanEmiSchedular] [restartedMain] .s.d.r.c.RepositoryConfigurationDelegate : Bootstrapping Spring Data JPA repositories in DEFAULT mode.
2026-04-01T12:27:48.980+05:30  INFO 22040 --- [loanEmiSchedular] [restartedMain] .s.d.r.c.RepositoryConfigurationDelegate : Finished Spring Data repository scanning in 1104 ms. Found 7 JPA repository interfaces.
2026-04-01T12:27:53.928+05:30  INFO 22040 --- [loanEmiSchedular] [restartedMain] o.s.boot.tomcat.TomcatWebServer          : Tomcat initialized with port 8080 (http)
2026-04-01T12:27:54.005+05:30  INFO 22040 --- [loanEmiSchedular] [restartedMain] o.apache.catalina.core.StandardService   : Starting service [Tomcat]
2026-04-01T12:27:54.007+05:30  INFO 22040 --- [loanEmiSchedular] [restartedMain] o.apache.catalina.core.StandardEngine    : Starting Servlet engine: [Apache Tomcat/11.0.18]
2026-04-01T12:27:54.295+05:30  INFO 22040 --- [loanEmiSchedular] [restartedMain] b.w.c.s.WebApplicationContextInitializer : Root WebApplicationContext: initialization completed in 9622 ms
2026-04-01T12:27:56.015+05:30  INFO 22040 --- [loanEmiSchedular] [restartedMain] org.hibernate.orm.jpa                    : HHH008540: Processing PersistenceUnitInfo [name: default]
2026-04-01T12:27:56.359+05:30  INFO 22040 --- [loanEmiSchedular] [restartedMain] org.hibernate.orm.core                   : HHH000001: Hibernate ORM core version 7.2.7.Final
2026-04-01T12:27:58.684+05:30  INFO 22040 --- [loanEmiSchedular] [restartedMain] o.s.o.j.p.SpringPersistenceUnitInfo      : No LoadTimeWeaver setup: ignoring JPA class transformer
2026-04-01T12:27:58.836+05:30  INFO 22040 --- [loanEmiSchedular] [restartedMain] com.zaxxer.hikari.HikariDataSource       : HikariPool-1 - Starting...
2026-04-01T12:27:59.473+05:30  INFO 22040 --- [loanEmiSchedular] [restartedMain] com.zaxxer.hikari.pool.HikariPool        : HikariPool-1 - Added connection org.postgresql.jdbc.PgConnection@511e2884
2026-04-01T12:27:59.477+05:30  INFO 22040 --- [loanEmiSchedular] [restartedMain] com.zaxxer.hikari.HikariDataSource       : HikariPool-1 - Start completed.
2026-04-01T12:27:59.756+05:30  INFO 22040 --- [loanEmiSchedular] [restartedMain] org.hibernate.orm.connections.pooling    : HHH10001005: Database info:
	Database JDBC URL [jdbc:postgresql://localhost:5432/loanEmiSchedular]
	Database driver: PostgreSQL JDBC Driver
	Database dialect: PostgreSQLDialect
	Database version: 18.3
	Default catalog/schema: loanEmiSchedular/public
	Autocommit mode: undefined/unknown
	Isolation level: READ_COMMITTED [default READ_COMMITTED]
	JDBC fetch size: none
	Pool: DataSourceConnectionProvider
	Minimum pool size: undefined/unknown
	Maximum pool size: undefined/unknown
2026-04-01T12:28:04.656+05:30  INFO 22040 --- [loanEmiSchedular] [restartedMain] org.hibernate.orm.core                   : HHH000489: No JTA platform available (set 'hibernate.transaction.jta.platform' to enable JTA platform integration)
2026-04-01T12:28:04.847+05:30  INFO 22040 --- [loanEmiSchedular] [restartedMain] j.LocalContainerEntityManagerFactoryBean : Initialized JPA EntityManagerFactory for persistence unit 'default'
2026-04-01T12:28:04.974+05:30  INFO 22040 --- [loanEmiSchedular] [restartedMain] o.s.d.j.r.query.QueryEnhancerFactories   : Hibernate is in classpath; If applicable, HQL parser will be used.
2026-04-01T12:28:05.340+05:30 DEBUG 22040 --- [loanEmiSchedular] [restartedMain] c.t.l.security.JwtAuthFilter             : Filter 'jwtAuthFilter' configured for use
2026-04-01T12:28:06.721+05:30  WARN 22040 --- [loanEmiSchedular] [restartedMain] JpaBaseConfiguration$JpaWebConfiguration : spring.jpa.open-in-view is enabled by default. Therefore, database queries may be performed during view rendering. Explicitly configure spring.jpa.open-in-view to disable this warning
2026-04-01T12:28:06.967+05:30  WARN 22040 --- [loanEmiSchedular] [restartedMain] .s.a.UserDetailsServiceAutoConfiguration : 

Using generated security password: 24068055-b19c-40bf-aec9-7b138303d0da

This generated password is for development use only. Your security configuration must be updated before running your application in production.

2026-04-01T12:28:06.986+05:30  INFO 22040 --- [loanEmiSchedular] [restartedMain] r$InitializeUserDetailsManagerConfigurer : Global AuthenticationManager configured with UserDetailsService bean with name inMemoryUserDetailsManager
2026-04-01T12:28:07.776+05:30  INFO 22040 --- [loanEmiSchedular] [restartedMain] o.s.boot.tomcat.TomcatWebServer          : Tomcat started on port 8080 (http) with context path '/'
2026-04-01T12:28:07.793+05:30  INFO 22040 --- [loanEmiSchedular] [restartedMain] c.t.l.LoanEmiSchedularApplication        : Started LoanEmiSchedularApplication in 24.143 seconds (process running for 25.779)
2026-04-01T12:28:30.033+05:30  INFO 22040 --- [loanEmiSchedular] [scheduling-1] c.t.l.service.impl.EmiServiceImpl        : EMI overdue schedular started
2026-04-01T12:28:30.245+05:30  INFO 22040 --- [loanEmiSchedular] [scheduling-1] c.t.l.service.impl.EmiServiceImpl        : Marked 0 EMIs as overdue
2026-04-01T12:29:00.007+05:30  INFO 22040 --- [loanEmiSchedular] [scheduling-1] c.t.l.service.impl.EmiServiceImpl        : EMI overdue schedular started
2026-04-01T12:29:00.015+05:30  INFO 22040 --- [loanEmiSchedular] [scheduling-1] c.t.l.service.impl.EmiServiceImpl        : Marked 0 EMIs as overdue
2026-04-01T12:29:30.012+05:30  INFO 22040 --- [loanEmiSchedular] [scheduling-1] c.t.l.service.impl.EmiServiceImpl        : EMI overdue schedular started
2026-04-01T12:29:30.048+05:30  INFO 22040 --- [loanEmiSchedular] [scheduling-1] c.t.l.service.impl.EmiServiceImpl        : Marked 1 EMIs as overdue
2026-04-01T12:29:30.078+05:30 ERROR 22040 --- [loanEmiSchedular] [task-2] .a.i.SimpleAsyncUncaughtExceptionHandler : Unexpected exception occurred invoking async method: public void com.tss.loanEmiSchedular.listeners.NotificationListener.handleOverdue(com.tss.loanEmiSchedular.events.EmiOverdueEvent)

java.lang.IllegalStateException: Session/EntityManager is closed
	at org.hibernate.internal.AbstractSharedSessionContract.checkOpen(AbstractSharedSessionContract.java:576) ~[hibernate-core-7.2.7.Final.jar:7.2.7.Final]
	at org.hibernate.internal.SessionImpl.checkOpen(SessionImpl.java:155) ~[hibernate-core-7.2.7.Final.jar:7.2.7.Final]
	at org.hibernate.engine.spi.SharedSessionContractImplementor.checkOpen(SharedSessionContractImplementor.java:188) ~[hibernate-core-7.2.7.Final.jar:7.2.7.Final]
	at org.hibernate.internal.SessionImpl.checkOpenOrWaitingForAutoClose(SessionImpl.java:600) ~[hibernate-core-7.2.7.Final.jar:7.2.7.Final]
	at org.hibernate.internal.SessionImpl.getContextEntityIdentifier(SessionImpl.java:1652) ~[hibernate-core-7.2.7.Final.jar:7.2.7.Final]
	at org.hibernate.engine.internal.ForeignKeys.getEntityIdentifier(ForeignKeys.java:381) ~[hibernate-core-7.2.7.Final.jar:7.2.7.Final]
	at org.hibernate.sql.results.graph.entity.internal.EntityInitializerImpl.registerPossibleUniqueKeyEntries(EntityInitializerImpl.java:1852) ~[hibernate-core-7.2.7.Final.jar:7.2.7.Final]
	at org.hibernate.sql.results.graph.entity.internal.EntityInitializerImpl.initializeEntityInstance(EntityInitializerImpl.java:1594) ~[hibernate-core-7.2.7.Final.jar:7.2.7.Final]
	at org.hibernate.sql.results.graph.entity.internal.EntityInitializerImpl.initializeInstance(EntityInitializerImpl.java:1501) ~[hibernate-core-7.2.7.Final.jar:7.2.7.Final]
	at org.hibernate.sql.results.graph.entity.internal.EntityInitializerImpl.initializeInstance(EntityInitializerImpl.java:80) ~[hibernate-core-7.2.7.Final.jar:7.2.7.Final]
	at org.hibernate.sql.results.internal.StandardRowReader.coordinateInitializers(StandardRowReader.java:239) ~[hibernate-core-7.2.7.Final.jar:7.2.7.Final]
	at org.hibernate.sql.results.internal.StandardRowReader.readRow(StandardRowReader.java:137) ~[hibernate-core-7.2.7.Final.jar:7.2.7.Final]
	at org.hibernate.sql.results.spi.ListResultsConsumer.readUniqueAssert(ListResultsConsumer.java:256) ~[hibernate-core-7.2.7.Final.jar:7.2.7.Final]
	at org.hibernate.sql.results.spi.ListResultsConsumer.readRows(ListResultsConsumer.java:230) ~[hibernate-core-7.2.7.Final.jar:7.2.7.Final]
	at org.hibernate.sql.results.spi.ListResultsConsumer.consume(ListResultsConsumer.java:164) ~[hibernate-core-7.2.7.Final.jar:7.2.7.Final]
	at org.hibernate.sql.results.spi.ListResultsConsumer.consume(ListResultsConsumer.java:31) ~[hibernate-core-7.2.7.Final.jar:7.2.7.Final]
	at org.hibernate.sql.exec.internal.JdbcSelectExecutorStandardImpl.doExecuteQuery(JdbcSelectExecutorStandardImpl.java:211) ~[hibernate-core-7.2.7.Final.jar:7.2.7.Final]
	at org.hibernate.sql.exec.internal.JdbcSelectExecutorStandardImpl.executeQuery(JdbcSelectExecutorStandardImpl.java:100) ~[hibernate-core-7.2.7.Final.jar:7.2.7.Final]
	at org.hibernate.sql.exec.spi.JdbcSelectExecutor.executeQuery(JdbcSelectExecutor.java:63) ~[hibernate-core-7.2.7.Final.jar:7.2.7.Final]
	at org.hibernate.sql.exec.spi.JdbcSelectExecutor.list(JdbcSelectExecutor.java:137) ~[hibernate-core-7.2.7.Final.jar:7.2.7.Final]
	at org.hibernate.loader.ast.internal.SingleIdLoadPlan.load(SingleIdLoadPlan.java:139) ~[hibernate-core-7.2.7.Final.jar:7.2.7.Final]
	at org.hibernate.loader.ast.internal.SingleIdLoadPlan.load(SingleIdLoadPlan.java:111) ~[hibernate-core-7.2.7.Final.jar:7.2.7.Final]
	at org.hibernate.loader.ast.internal.SingleIdEntityLoaderStandardImpl.load(SingleIdEntityLoaderStandardImpl.java:63) ~[hibernate-core-7.2.7.Final.jar:7.2.7.Final]
	at org.hibernate.persister.entity.AbstractEntityPersister.doLoad(AbstractEntityPersister.java:3530) ~[hibernate-core-7.2.7.Final.jar:7.2.7.Final]
	at org.hibernate.persister.entity.AbstractEntityPersister.load(AbstractEntityPersister.java:3519) ~[hibernate-core-7.2.7.Final.jar:7.2.7.Final]
	at org.hibernate.event.internal.DefaultLoadEventListener.loadFromDatasource(DefaultLoadEventListener.java:576) ~[hibernate-core-7.2.7.Final.jar:7.2.7.Final]
	at org.hibernate.event.internal.DefaultLoadEventListener.loadFromCacheOrDatasource(DefaultLoadEventListener.java:550) ~[hibernate-core-7.2.7.Final.jar:7.2.7.Final]
	at org.hibernate.event.internal.DefaultLoadEventListener.load(DefaultLoadEventListener.java:534) ~[hibernate-core-7.2.7.Final.jar:7.2.7.Final]
	at org.hibernate.event.internal.DefaultLoadEventListener.doLoad(DefaultLoadEventListener.java:520) ~[hibernate-core-7.2.7.Final.jar:7.2.7.Final]
	at org.hibernate.event.internal.DefaultLoadEventListener.load(DefaultLoadEventListener.java:186) ~[hibernate-core-7.2.7.Final.jar:7.2.7.Final]
	at org.hibernate.event.internal.DefaultLoadEventListener.doOnLoad(DefaultLoadEventListener.java:90) ~[hibernate-core-7.2.7.Final.jar:7.2.7.Final]
	at org.hibernate.event.internal.DefaultLoadEventListener.onLoad(DefaultLoadEventListener.java:55) ~[hibernate-core-7.2.7.Final.jar:7.2.7.Final]
	at org.hibernate.event.service.internal.EventListenerGroupImpl.fireEventOnEachListener(EventListenerGroupImpl.java:149) ~[hibernate-core-7.2.7.Final.jar:7.2.7.Final]
	at org.hibernate.internal.SessionImpl.fireLoadNoChecks(SessionImpl.java:1294) ~[hibernate-core-7.2.7.Final.jar:7.2.7.Final]
	at org.hibernate.internal.SessionImpl.immediateLoad(SessionImpl.java:1035) ~[hibernate-core-7.2.7.Final.jar:7.2.7.Final]
	at org.hibernate.proxy.AbstractLazyInitializer.initialize(AbstractLazyInitializer.java:182) ~[hibernate-core-7.2.7.Final.jar:7.2.7.Final]
	at org.hibernate.proxy.AbstractLazyInitializer.getImplementation(AbstractLazyInitializer.java:323) ~[hibernate-core-7.2.7.Final.jar:7.2.7.Final]
	at org.hibernate.proxy.pojo.bytebuddy.ByteBuddyInterceptor.intercept(ByteBuddyInterceptor.java:42) ~[hibernate-core-7.2.7.Final.jar:7.2.7.Final]
	at org.hibernate.proxy.ProxyConfiguration$InterceptorDispatcher.intercept(ProxyConfiguration.java:95) ~[hibernate-core-7.2.7.Final.jar:7.2.7.Final]
	at com.tss.loanEmiSchedular.entity.BorrowerProfile$HibernateProxy.getUser(Unknown Source) ~[classes/:na]
	at com.tss.loanEmiSchedular.listeners.NotificationListener.handleOverdue(NotificationListener.java:42) ~[classes/:na]
	at java.base/jdk.internal.reflect.DirectMethodHandleAccessor.invoke(DirectMethodHandleAccessor.java:104) ~[na:na]
	at java.base/java.lang.reflect.Method.invoke(Method.java:577) ~[na:na]
	at org.springframework.aop.support.AopUtils.invokeJoinpointUsingReflection(AopUtils.java:359) ~[spring-aop-7.0.6.jar:7.0.6]
	at org.springframework.aop.framework.ReflectiveMethodInvocation.invokeJoinpoint(ReflectiveMethodInvocation.java:190) ~[spring-aop-7.0.6.jar:7.0.6]
	at org.springframework.aop.framework.ReflectiveMethodInvocation.proceed(ReflectiveMethodInvocation.java:158) ~[spring-aop-7.0.6.jar:7.0.6]
	at org.springframework.aop.interceptor.AsyncExecutionInterceptor.lambda$invoke$0(AsyncExecutionInterceptor.java:112) ~[spring-aop-7.0.6.jar:7.0.6]
	at java.base/java.util.concurrent.FutureTask.run(FutureTask.java:264) ~[na:na]
	at java.base/java.util.concurrent.ThreadPoolExecutor.runWorker(ThreadPoolExecutor.java:1136) ~[na:na]
	at java.base/java.util.concurrent.ThreadPoolExecutor$Worker.run(ThreadPoolExecutor.java:635) ~[na:na]
	at java.base/java.lang.Thread.run(Thread.java:833) ~[na:na]
	Suppressed: java.util.NoSuchElementException
		at org.hibernate.internal.util.collections.StandardStack.pop(StandardStack.java:68) ~[hibernate-core-7.2.7.Final.jar:7.2.7.Final]
		at org.hibernate.sql.results.spi.LoadContexts.deregister(LoadContexts.java:37) ~[hibernate-core-7.2.7.Final.jar:7.2.7.Final]
		at org.hibernate.sql.results.spi.ListResultsConsumer.consume(ListResultsConsumer.java:176) ~[hibernate-core-7.2.7.Final.jar:7.2.7.Final]
		... 36 common frames omitted

2026-04-01T12:30:00.013+05:30  INFO 22040 --- [loanEmiSchedular] [scheduling-1] c.t.l.service.impl.EmiServiceImpl        : EMI overdue schedular started
2026-04-01T12:30:00.026+05:30  INFO 22040 --- [loanEmiSchedular] [scheduling-1] c.t.l.service.impl.EmiServiceImpl        : Marked 0 EMIs as overdue
2026-04-01T12:30:30.019+05:30  INFO 22040 --- [loanEmiSchedular] [scheduling-1] c.t.l.service.impl.EmiServiceImpl        : EMI overdue schedular started
2026-04-01T12:30:30.024+05:30  INFO 22040 --- [loanEmiSchedular] [scheduling-1] c.t.l.service.impl.EmiServiceImpl        : Marked 0 EMIs as overdue
2026-04-01T12:31:00.005+05:30  INFO 22040 --- [loanEmiSchedular] [scheduling-1] c.t.l.service.impl.EmiServiceImpl        : EMI overdue schedular started
2026-04-01T12:31:00.014+05:30  INFO 22040 --- [loanEmiSchedular] [scheduling-1] c.t.l.service.impl.EmiServiceImpl        : Marked 0 EMIs as overdue
2026-04-01T12:31:30.015+05:30  INFO 22040 --- [loanEmiSchedular] [scheduling-1] c.t.l.service.impl.EmiServiceImpl        : EMI overdue schedular started
2026-04-01T12:31:30.028+05:30  INFO 22040 --- [loanEmiSchedular] [scheduling-1] c.t.l.service.impl.EmiServiceImpl        : Marked 0 EMIs as overdue
2026-04-01T12:32:00.017+05:30  INFO 22040 --- [loanEmiSchedular] [scheduling-1] c.t.l.service.impl.EmiServiceImpl        : EMI overdue schedular started
2026-04-01T12:32:00.026+05:30  INFO 22040 --- [loanEmiSchedular] [scheduling-1] c.t.l.service.impl.EmiServiceImpl        : Marked 0 EMIs as overdue
2026-04-01T12:32:13.718+05:30  INFO 22040 --- [loanEmiSchedular] [SpringApplicationShutdownHook] o.s.boot.tomcat.GracefulShutdown         : Commencing graceful shutdown. Waiting for active requests to complete
2026-04-01T12:32:14.299+05:30  INFO 22040 --- [loanEmiSchedular] [tomcat-shutdown] o.s.boot.tomcat.GracefulShutdown         : Graceful shutdown complete
2026-04-01T12:32:14.313+05:30  INFO 22040 --- [loanEmiSchedular] [SpringApplicationShutdownHook] j.LocalContainerEntityManagerFactoryBean : Closing JPA EntityManagerFactory for persistence unit 'default'
2026-04-01T12:32:14.324+05:30  INFO 22040 --- [loanEmiSchedular] [SpringApplicationShutdownHook] com.zaxxer.hikari.HikariDataSource       : HikariPool-1 - Shutdown initiated...
2026-04-01T12:32:14.344+05:30  INFO 22040 --- [loanEmiSchedular] [SpringApplicationShutdownHook] com.zaxxer.hikari.HikariDataSource       : HikariPool-1 - Shutdown completed.
2026-04-01T12:42:16.419+05:30  INFO 7568 --- [loanEmiSchedular] [restartedMain] c.t.l.LoanEmiSchedularApplication        : Starting LoanEmiSchedularApplication using Java 18.0.2.1 with PID 7568 (C:\Users\Rahul.Dave\Desktop\loanEmiSchedular\target\classes started by Rahul.Dave in C:\Users\Rahul.Dave\Desktop\loanEmiSchedular)
2026-04-01T12:42:16.424+05:30 DEBUG 7568 --- [loanEmiSchedular] [restartedMain] c.t.l.LoanEmiSchedularApplication        : Running with Spring Boot v4.0.4, Spring v7.0.6
2026-04-01T12:42:16.425+05:30  INFO 7568 --- [loanEmiSchedular] [restartedMain] c.t.l.LoanEmiSchedularApplication        : No active profile set, falling back to 1 default profile: "default"
2026-04-01T12:42:16.509+05:30  INFO 7568 --- [loanEmiSchedular] [restartedMain] .e.DevToolsPropertyDefaultsPostProcessor : Devtools property defaults active! Set 'spring.devtools.add-properties' to 'false' to disable
2026-04-01T12:42:16.510+05:30  INFO 7568 --- [loanEmiSchedular] [restartedMain] .e.DevToolsPropertyDefaultsPostProcessor : For additional web related logging consider setting the 'logging.level.web' property to 'DEBUG'
2026-04-01T12:42:17.586+05:30  INFO 7568 --- [loanEmiSchedular] [restartedMain] .s.d.r.c.RepositoryConfigurationDelegate : Bootstrapping Spring Data JPA repositories in DEFAULT mode.
2026-04-01T12:42:17.698+05:30  INFO 7568 --- [loanEmiSchedular] [restartedMain] .s.d.r.c.RepositoryConfigurationDelegate : Finished Spring Data repository scanning in 90 ms. Found 7 JPA repository interfaces.
2026-04-01T12:42:18.766+05:30  INFO 7568 --- [loanEmiSchedular] [restartedMain] o.s.boot.tomcat.TomcatWebServer          : Tomcat initialized with port 8080 (http)
2026-04-01T12:42:18.783+05:30  INFO 7568 --- [loanEmiSchedular] [restartedMain] o.apache.catalina.core.StandardService   : Starting service [Tomcat]
2026-04-01T12:42:18.783+05:30  INFO 7568 --- [loanEmiSchedular] [restartedMain] o.apache.catalina.core.StandardEngine    : Starting Servlet engine: [Apache Tomcat/11.0.18]
2026-04-01T12:42:18.849+05:30  INFO 7568 --- [loanEmiSchedular] [restartedMain] b.w.c.s.WebApplicationContextInitializer : Root WebApplicationContext: initialization completed in 2339 ms
2026-04-01T12:42:19.032+05:30  INFO 7568 --- [loanEmiSchedular] [restartedMain] org.hibernate.orm.jpa                    : HHH008540: Processing PersistenceUnitInfo [name: default]
2026-04-01T12:42:19.121+05:30  INFO 7568 --- [loanEmiSchedular] [restartedMain] org.hibernate.orm.core                   : HHH000001: Hibernate ORM core version 7.2.7.Final
2026-04-01T12:42:19.683+05:30  INFO 7568 --- [loanEmiSchedular] [restartedMain] o.s.o.j.p.SpringPersistenceUnitInfo      : No LoadTimeWeaver setup: ignoring JPA class transformer
2026-04-01T12:42:19.725+05:30  INFO 7568 --- [loanEmiSchedular] [restartedMain] com.zaxxer.hikari.HikariDataSource       : HikariPool-1 - Starting...
2026-04-01T12:42:19.990+05:30  INFO 7568 --- [loanEmiSchedular] [restartedMain] com.zaxxer.hikari.pool.HikariPool        : HikariPool-1 - Added connection org.postgresql.jdbc.PgConnection@63ff9d6d
2026-04-01T12:42:19.993+05:30  INFO 7568 --- [loanEmiSchedular] [restartedMain] com.zaxxer.hikari.HikariDataSource       : HikariPool-1 - Start completed.
2026-04-01T12:42:20.106+05:30  INFO 7568 --- [loanEmiSchedular] [restartedMain] org.hibernate.orm.connections.pooling    : HHH10001005: Database info:
	Database JDBC URL [jdbc:postgresql://localhost:5432/loanEmiSchedular]
	Database driver: PostgreSQL JDBC Driver
	Database dialect: PostgreSQLDialect
	Database version: 18.3
	Default catalog/schema: loanEmiSchedular/public
	Autocommit mode: undefined/unknown
	Isolation level: READ_COMMITTED [default READ_COMMITTED]
	JDBC fetch size: none
	Pool: DataSourceConnectionProvider
	Minimum pool size: undefined/unknown
	Maximum pool size: undefined/unknown
2026-04-01T12:42:21.732+05:30  INFO 7568 --- [loanEmiSchedular] [restartedMain] org.hibernate.orm.core                   : HHH000489: No JTA platform available (set 'hibernate.transaction.jta.platform' to enable JTA platform integration)
2026-04-01T12:42:21.865+05:30  INFO 7568 --- [loanEmiSchedular] [restartedMain] j.LocalContainerEntityManagerFactoryBean : Initialized JPA EntityManagerFactory for persistence unit 'default'
2026-04-01T12:42:21.966+05:30  INFO 7568 --- [loanEmiSchedular] [restartedMain] o.s.d.j.r.query.QueryEnhancerFactories   : Hibernate is in classpath; If applicable, HQL parser will be used.
2026-04-01T12:42:22.238+05:30 DEBUG 7568 --- [loanEmiSchedular] [restartedMain] c.t.l.security.JwtAuthFilter             : Filter 'jwtAuthFilter' configured for use
2026-04-01T12:42:23.320+05:30  WARN 7568 --- [loanEmiSchedular] [restartedMain] JpaBaseConfiguration$JpaWebConfiguration : spring.jpa.open-in-view is enabled by default. Therefore, database queries may be performed during view rendering. Explicitly configure spring.jpa.open-in-view to disable this warning
2026-04-01T12:42:23.508+05:30  WARN 7568 --- [loanEmiSchedular] [restartedMain] .s.a.UserDetailsServiceAutoConfiguration : 

Using generated security password: 92c5e9c5-9cae-4a5a-a79d-2a1ff2befa80

This generated password is for development use only. Your security configuration must be updated before running your application in production.

2026-04-01T12:42:23.519+05:30  INFO 7568 --- [loanEmiSchedular] [restartedMain] r$InitializeUserDetailsManagerConfigurer : Global AuthenticationManager configured with UserDetailsService bean with name inMemoryUserDetailsManager
2026-04-01T12:42:24.243+05:30  INFO 7568 --- [loanEmiSchedular] [restartedMain] o.s.boot.tomcat.TomcatWebServer          : Tomcat started on port 8080 (http) with context path '/'
2026-04-01T12:42:24.256+05:30  INFO 7568 --- [loanEmiSchedular] [restartedMain] c.t.l.LoanEmiSchedularApplication        : Started LoanEmiSchedularApplication in 8.621 seconds (process running for 9.91)
2026-04-01T12:42:30.022+05:30  INFO 7568 --- [loanEmiSchedular] [scheduling-1] c.t.l.service.impl.EmiServiceImpl        : EMI overdue schedular started
2026-04-01T12:42:30.157+05:30  INFO 7568 --- [loanEmiSchedular] [scheduling-1] c.t.l.service.impl.EmiServiceImpl        : Marked 0 EMIs as overdue
2026-04-01T12:43:00.011+05:30  INFO 7568 --- [loanEmiSchedular] [scheduling-1] c.t.l.service.impl.EmiServiceImpl        : EMI overdue schedular started
2026-04-01T12:43:00.018+05:30  INFO 7568 --- [loanEmiSchedular] [scheduling-1] c.t.l.service.impl.EmiServiceImpl        : Marked 0 EMIs as overdue
2026-04-01T12:43:30.016+05:30  INFO 7568 --- [loanEmiSchedular] [scheduling-1] c.t.l.service.impl.EmiServiceImpl        : EMI overdue schedular started
2026-04-01T12:43:30.021+05:30  INFO 7568 --- [loanEmiSchedular] [scheduling-1] c.t.l.service.impl.EmiServiceImpl        : Marked 0 EMIs as overdue
2026-04-01T12:43:35.277+05:30  INFO 7568 --- [loanEmiSchedular] [SpringApplicationShutdownHook] o.s.boot.tomcat.GracefulShutdown         : Commencing graceful shutdown. Waiting for active requests to complete
2026-04-01T12:43:35.651+05:30  INFO 7568 --- [loanEmiSchedular] [tomcat-shutdown] o.s.boot.tomcat.GracefulShutdown         : Graceful shutdown complete
2026-04-01T12:43:35.663+05:30  INFO 7568 --- [loanEmiSchedular] [SpringApplicationShutdownHook] j.LocalContainerEntityManagerFactoryBean : Closing JPA EntityManagerFactory for persistence unit 'default'
2026-04-01T12:43:35.668+05:30  INFO 7568 --- [loanEmiSchedular] [SpringApplicationShutdownHook] com.zaxxer.hikari.HikariDataSource       : HikariPool-1 - Shutdown initiated...
2026-04-01T12:43:35.679+05:30  INFO 7568 --- [loanEmiSchedular] [SpringApplicationShutdownHook] com.zaxxer.hikari.HikariDataSource       : HikariPool-1 - Shutdown completed.
2026-04-01T12:44:08.322+05:30  INFO 19552 --- [loanEmiSchedular] [restartedMain] c.t.l.LoanEmiSchedularApplication        : Starting LoanEmiSchedularApplication using Java 18.0.2.1 with PID 19552 (C:\Users\Rahul.Dave\Desktop\loanEmiSchedular\target\classes started by Rahul.Dave in C:\Users\Rahul.Dave\Desktop\loanEmiSchedular)
2026-04-01T12:44:08.332+05:30 DEBUG 19552 --- [loanEmiSchedular] [restartedMain] c.t.l.LoanEmiSchedularApplication        : Running with Spring Boot v4.0.4, Spring v7.0.6
2026-04-01T12:44:08.333+05:30  INFO 19552 --- [loanEmiSchedular] [restartedMain] c.t.l.LoanEmiSchedularApplication        : No active profile set, falling back to 1 default profile: "default"
2026-04-01T12:44:08.426+05:30  INFO 19552 --- [loanEmiSchedular] [restartedMain] .e.DevToolsPropertyDefaultsPostProcessor : Devtools property defaults active! Set 'spring.devtools.add-properties' to 'false' to disable
2026-04-01T12:44:08.428+05:30  INFO 19552 --- [loanEmiSchedular] [restartedMain] .e.DevToolsPropertyDefaultsPostProcessor : For additional web related logging consider setting the 'logging.level.web' property to 'DEBUG'
2026-04-01T12:44:09.809+05:30  INFO 19552 --- [loanEmiSchedular] [restartedMain] .s.d.r.c.RepositoryConfigurationDelegate : Bootstrapping Spring Data JPA repositories in DEFAULT mode.
2026-04-01T12:44:09.904+05:30  INFO 19552 --- [loanEmiSchedular] [restartedMain] .s.d.r.c.RepositoryConfigurationDelegate : Finished Spring Data repository scanning in 76 ms. Found 7 JPA repository interfaces.
2026-04-01T12:44:10.611+05:30  INFO 19552 --- [loanEmiSchedular] [restartedMain] o.s.boot.tomcat.TomcatWebServer          : Tomcat initialized with port 8080 (http)
2026-04-01T12:44:10.626+05:30  INFO 19552 --- [loanEmiSchedular] [restartedMain] o.apache.catalina.core.StandardService   : Starting service [Tomcat]
2026-04-01T12:44:10.627+05:30  INFO 19552 --- [loanEmiSchedular] [restartedMain] o.apache.catalina.core.StandardEngine    : Starting Servlet engine: [Apache Tomcat/11.0.18]
2026-04-01T12:44:10.681+05:30  INFO 19552 --- [loanEmiSchedular] [restartedMain] b.w.c.s.WebApplicationContextInitializer : Root WebApplicationContext: initialization completed in 2253 ms
2026-04-01T12:44:10.868+05:30  INFO 19552 --- [loanEmiSchedular] [restartedMain] org.hibernate.orm.jpa                    : HHH008540: Processing PersistenceUnitInfo [name: default]
2026-04-01T12:44:10.940+05:30  INFO 19552 --- [loanEmiSchedular] [restartedMain] org.hibernate.orm.core                   : HHH000001: Hibernate ORM core version 7.2.7.Final
2026-04-01T12:44:11.392+05:30  INFO 19552 --- [loanEmiSchedular] [restartedMain] o.s.o.j.p.SpringPersistenceUnitInfo      : No LoadTimeWeaver setup: ignoring JPA class transformer
2026-04-01T12:44:11.421+05:30  INFO 19552 --- [loanEmiSchedular] [restartedMain] com.zaxxer.hikari.HikariDataSource       : HikariPool-1 - Starting...
2026-04-01T12:44:11.658+05:30  INFO 19552 --- [loanEmiSchedular] [restartedMain] com.zaxxer.hikari.pool.HikariPool        : HikariPool-1 - Added connection org.postgresql.jdbc.PgConnection@63ff9d6d
2026-04-01T12:44:11.665+05:30  INFO 19552 --- [loanEmiSchedular] [restartedMain] com.zaxxer.hikari.HikariDataSource       : HikariPool-1 - Start completed.
2026-04-01T12:44:11.728+05:30  INFO 19552 --- [loanEmiSchedular] [restartedMain] org.hibernate.orm.connections.pooling    : HHH10001005: Database info:
	Database JDBC URL [jdbc:postgresql://localhost:5432/loanEmiSchedular]
	Database driver: PostgreSQL JDBC Driver
	Database dialect: PostgreSQLDialect
	Database version: 18.3
	Default catalog/schema: loanEmiSchedular/public
	Autocommit mode: undefined/unknown
	Isolation level: READ_COMMITTED [default READ_COMMITTED]
	JDBC fetch size: none
	Pool: DataSourceConnectionProvider
	Minimum pool size: undefined/unknown
	Maximum pool size: undefined/unknown
2026-04-01T12:44:13.347+05:30  INFO 19552 --- [loanEmiSchedular] [restartedMain] org.hibernate.orm.core                   : HHH000489: No JTA platform available (set 'hibernate.transaction.jta.platform' to enable JTA platform integration)
2026-04-01T12:44:13.461+05:30  INFO 19552 --- [loanEmiSchedular] [restartedMain] j.LocalContainerEntityManagerFactoryBean : Initialized JPA EntityManagerFactory for persistence unit 'default'
2026-04-01T12:44:13.543+05:30  INFO 19552 --- [loanEmiSchedular] [restartedMain] o.s.d.j.r.query.QueryEnhancerFactories   : Hibernate is in classpath; If applicable, HQL parser will be used.
2026-04-01T12:44:13.830+05:30 DEBUG 19552 --- [loanEmiSchedular] [restartedMain] c.t.l.security.JwtAuthFilter             : Filter 'jwtAuthFilter' configured for use
2026-04-01T12:44:15.128+05:30  WARN 19552 --- [loanEmiSchedular] [restartedMain] JpaBaseConfiguration$JpaWebConfiguration : spring.jpa.open-in-view is enabled by default. Therefore, database queries may be performed during view rendering. Explicitly configure spring.jpa.open-in-view to disable this warning
2026-04-01T12:44:15.420+05:30  WARN 19552 --- [loanEmiSchedular] [restartedMain] .s.a.UserDetailsServiceAutoConfiguration : 

Using generated security password: 71fd5055-7ea9-4214-aa89-0ee33b92d2fb

This generated password is for development use only. Your security configuration must be updated before running your application in production.

2026-04-01T12:44:15.435+05:30  INFO 19552 --- [loanEmiSchedular] [restartedMain] r$InitializeUserDetailsManagerConfigurer : Global AuthenticationManager configured with UserDetailsService bean with name inMemoryUserDetailsManager
2026-04-01T12:44:16.405+05:30  INFO 19552 --- [loanEmiSchedular] [restartedMain] o.s.boot.tomcat.TomcatWebServer          : Tomcat started on port 8080 (http) with context path '/'
2026-04-01T12:44:16.423+05:30  INFO 19552 --- [loanEmiSchedular] [restartedMain] c.t.l.LoanEmiSchedularApplication        : Started LoanEmiSchedularApplication in 8.823 seconds (process running for 9.852)
2026-04-01T12:44:20.796+05:30  INFO 19552 --- [loanEmiSchedular] [http-nio-8080-exec-3] o.a.c.c.C.[Tomcat].[localhost].[/]       : Initializing Spring DispatcherServlet 'dispatcherServlet'
2026-04-01T12:44:20.798+05:30  INFO 19552 --- [loanEmiSchedular] [http-nio-8080-exec-3] o.s.web.servlet.DispatcherServlet        : Initializing Servlet 'dispatcherServlet'
2026-04-01T12:44:20.802+05:30  INFO 19552 --- [loanEmiSchedular] [http-nio-8080-exec-3] o.s.web.servlet.DispatcherServlet        : Completed initialization in 3 ms
2026-04-01T12:44:30.029+05:30  INFO 19552 --- [loanEmiSchedular] [scheduling-1] c.t.l.service.impl.EmiServiceImpl        : EMI overdue schedular started
2026-04-01T12:44:30.096+05:30  INFO 19552 --- [loanEmiSchedular] [scheduling-1] c.t.l.service.impl.EmiServiceImpl        : Marked 0 EMIs as overdue
2026-04-01T12:45:00.015+05:30  INFO 19552 --- [loanEmiSchedular] [scheduling-1] c.t.l.service.impl.EmiServiceImpl        : EMI overdue schedular started
2026-04-01T12:45:00.026+05:30  INFO 19552 --- [loanEmiSchedular] [scheduling-1] c.t.l.service.impl.EmiServiceImpl        : Marked 0 EMIs as overdue
2026-04-01T12:45:30.013+05:30  INFO 19552 --- [loanEmiSchedular] [scheduling-1] c.t.l.service.impl.EmiServiceImpl        : EMI overdue schedular started
2026-04-01T12:45:30.018+05:30  INFO 19552 --- [loanEmiSchedular] [scheduling-1] c.t.l.service.impl.EmiServiceImpl        : Marked 0 EMIs as overdue
2026-04-01T12:46:00.018+05:30  INFO 19552 --- [loanEmiSchedular] [scheduling-1] c.t.l.service.impl.EmiServiceImpl        : EMI overdue schedular started
2026-04-01T12:46:00.025+05:30  INFO 19552 --- [loanEmiSchedular] [scheduling-1] c.t.l.service.impl.EmiServiceImpl        : Marked 0 EMIs as overdue
2026-04-01T12:46:22.631+05:30  INFO 19552 --- [loanEmiSchedular] [SpringApplicationShutdownHook] o.s.boot.tomcat.GracefulShutdown         : Commencing graceful shutdown. Waiting for active requests to complete
2026-04-01T12:46:23.064+05:30  INFO 19552 --- [loanEmiSchedular] [tomcat-shutdown] o.s.boot.tomcat.GracefulShutdown         : Graceful shutdown complete
2026-04-01T12:46:23.073+05:30  INFO 19552 --- [loanEmiSchedular] [SpringApplicationShutdownHook] j.LocalContainerEntityManagerFactoryBean : Closing JPA EntityManagerFactory for persistence unit 'default'
2026-04-01T12:46:23.076+05:30  INFO 19552 --- [loanEmiSchedular] [SpringApplicationShutdownHook] com.zaxxer.hikari.HikariDataSource       : HikariPool-1 - Shutdown initiated...
2026-04-01T12:46:23.087+05:30  INFO 19552 --- [loanEmiSchedular] [SpringApplicationShutdownHook] com.zaxxer.hikari.HikariDataSource       : HikariPool-1 - Shutdown completed.
2026-04-01T12:57:21.890+05:30  INFO 10404 --- [loanEmiSchedular] [restartedMain] c.t.l.LoanEmiSchedularApplication        : Starting LoanEmiSchedularApplication using Java 18.0.2.1 with PID 10404 (C:\Users\Rahul.Dave\Desktop\loanEmiSchedular\target\classes started by Rahul.Dave in C:\Users\Rahul.Dave\Desktop\loanEmiSchedular)
2026-04-01T12:57:21.894+05:30 DEBUG 10404 --- [loanEmiSchedular] [restartedMain] c.t.l.LoanEmiSchedularApplication        : Running with Spring Boot v4.0.4, Spring v7.0.6
2026-04-01T12:57:21.895+05:30  INFO 10404 --- [loanEmiSchedular] [restartedMain] c.t.l.LoanEmiSchedularApplication        : No active profile set, falling back to 1 default profile: "default"
2026-04-01T12:57:22.007+05:30  INFO 10404 --- [loanEmiSchedular] [restartedMain] .e.DevToolsPropertyDefaultsPostProcessor : Devtools property defaults active! Set 'spring.devtools.add-properties' to 'false' to disable
2026-04-01T12:57:22.009+05:30  INFO 10404 --- [loanEmiSchedular] [restartedMain] .e.DevToolsPropertyDefaultsPostProcessor : For additional web related logging consider setting the 'logging.level.web' property to 'DEBUG'
2026-04-01T12:57:23.238+05:30  INFO 10404 --- [loanEmiSchedular] [restartedMain] .s.d.r.c.RepositoryConfigurationDelegate : Bootstrapping Spring Data JPA repositories in DEFAULT mode.
2026-04-01T12:57:23.347+05:30  INFO 10404 --- [loanEmiSchedular] [restartedMain] .s.d.r.c.RepositoryConfigurationDelegate : Finished Spring Data repository scanning in 86 ms. Found 7 JPA repository interfaces.
2026-04-01T12:57:24.341+05:30  INFO 10404 --- [loanEmiSchedular] [restartedMain] o.s.boot.tomcat.TomcatWebServer          : Tomcat initialized with port 8080 (http)
2026-04-01T12:57:24.360+05:30  INFO 10404 --- [loanEmiSchedular] [restartedMain] o.apache.catalina.core.StandardService   : Starting service [Tomcat]
2026-04-01T12:57:24.361+05:30  INFO 10404 --- [loanEmiSchedular] [restartedMain] o.apache.catalina.core.StandardEngine    : Starting Servlet engine: [Apache Tomcat/11.0.18]
2026-04-01T12:57:24.429+05:30  INFO 10404 --- [loanEmiSchedular] [restartedMain] b.w.c.s.WebApplicationContextInitializer : Root WebApplicationContext: initialization completed in 2418 ms
2026-04-01T12:57:24.614+05:30  INFO 10404 --- [loanEmiSchedular] [restartedMain] org.hibernate.orm.jpa                    : HHH008540: Processing PersistenceUnitInfo [name: default]
2026-04-01T12:57:24.704+05:30  INFO 10404 --- [loanEmiSchedular] [restartedMain] org.hibernate.orm.core                   : HHH000001: Hibernate ORM core version 7.2.7.Final
2026-04-01T12:57:25.311+05:30  INFO 10404 --- [loanEmiSchedular] [restartedMain] o.s.o.j.p.SpringPersistenceUnitInfo      : No LoadTimeWeaver setup: ignoring JPA class transformer
2026-04-01T12:57:25.357+05:30  INFO 10404 --- [loanEmiSchedular] [restartedMain] com.zaxxer.hikari.HikariDataSource       : HikariPool-1 - Starting...
2026-04-01T12:57:25.640+05:30  INFO 10404 --- [loanEmiSchedular] [restartedMain] com.zaxxer.hikari.pool.HikariPool        : HikariPool-1 - Added connection org.postgresql.jdbc.PgConnection@4b5447d7
2026-04-01T12:57:25.641+05:30  INFO 10404 --- [loanEmiSchedular] [restartedMain] com.zaxxer.hikari.HikariDataSource       : HikariPool-1 - Start completed.
2026-04-01T12:57:25.734+05:30  INFO 10404 --- [loanEmiSchedular] [restartedMain] org.hibernate.orm.connections.pooling    : HHH10001005: Database info:
	Database JDBC URL [jdbc:postgresql://localhost:5432/loanEmiSchedular]
	Database driver: PostgreSQL JDBC Driver
	Database dialect: PostgreSQLDialect
	Database version: 18.3
	Default catalog/schema: loanEmiSchedular/public
	Autocommit mode: undefined/unknown
	Isolation level: READ_COMMITTED [default READ_COMMITTED]
	JDBC fetch size: none
	Pool: DataSourceConnectionProvider
	Minimum pool size: undefined/unknown
	Maximum pool size: undefined/unknown
2026-04-01T12:57:28.067+05:30  INFO 10404 --- [loanEmiSchedular] [restartedMain] org.hibernate.orm.core                   : HHH000489: No JTA platform available (set 'hibernate.transaction.jta.platform' to enable JTA platform integration)
2026-04-01T12:57:28.203+05:30  INFO 10404 --- [loanEmiSchedular] [restartedMain] j.LocalContainerEntityManagerFactoryBean : Initialized JPA EntityManagerFactory for persistence unit 'default'
2026-04-01T12:57:28.284+05:30  INFO 10404 --- [loanEmiSchedular] [restartedMain] o.s.d.j.r.query.QueryEnhancerFactories   : Hibernate is in classpath; If applicable, HQL parser will be used.
2026-04-01T12:57:28.567+05:30 DEBUG 10404 --- [loanEmiSchedular] [restartedMain] c.t.l.security.JwtAuthFilter             : Filter 'jwtAuthFilter' configured for use
2026-04-01T12:57:29.707+05:30  WARN 10404 --- [loanEmiSchedular] [restartedMain] JpaBaseConfiguration$JpaWebConfiguration : spring.jpa.open-in-view is enabled by default. Therefore, database queries may be performed during view rendering. Explicitly configure spring.jpa.open-in-view to disable this warning
2026-04-01T12:57:29.868+05:30  WARN 10404 --- [loanEmiSchedular] [restartedMain] .s.a.UserDetailsServiceAutoConfiguration : 

Using generated security password: b4afdb81-64fa-4807-996a-0b4df4e5e2f8

This generated password is for development use only. Your security configuration must be updated before running your application in production.

2026-04-01T12:57:29.879+05:30  INFO 10404 --- [loanEmiSchedular] [restartedMain] r$InitializeUserDetailsManagerConfigurer : Global AuthenticationManager configured with UserDetailsService bean with name inMemoryUserDetailsManager
2026-04-01T12:57:30.610+05:30  INFO 10404 --- [loanEmiSchedular] [restartedMain] o.s.boot.tomcat.TomcatWebServer          : Tomcat started on port 8080 (http) with context path '/'
2026-04-01T12:57:30.627+05:30  INFO 10404 --- [loanEmiSchedular] [restartedMain] c.t.l.LoanEmiSchedularApplication        : Started LoanEmiSchedularApplication in 9.536 seconds (process running for 11.028)
2026-04-01T12:58:00.036+05:30  INFO 10404 --- [loanEmiSchedular] [scheduling-1] c.t.l.service.impl.EmiServiceImpl        : EMI overdue schedular started
2026-04-01T12:58:00.121+05:30  INFO 10404 --- [loanEmiSchedular] [scheduling-1] c.t.l.service.impl.EmiServiceImpl        : Marked 0 EMIs as overdue
2026-04-01T12:58:30.008+05:30  INFO 10404 --- [loanEmiSchedular] [scheduling-1] c.t.l.service.impl.EmiServiceImpl        : EMI overdue schedular started
2026-04-01T12:58:30.017+05:30  INFO 10404 --- [loanEmiSchedular] [scheduling-1] c.t.l.service.impl.EmiServiceImpl        : Marked 0 EMIs as overdue
2026-04-01T12:59:00.005+05:30  INFO 10404 --- [loanEmiSchedular] [scheduling-1] c.t.l.service.impl.EmiServiceImpl        : EMI overdue schedular started
2026-04-01T12:59:00.010+05:30  INFO 10404 --- [loanEmiSchedular] [scheduling-1] c.t.l.service.impl.EmiServiceImpl        : Marked 0 EMIs as overdue
2026-04-01T12:59:30.004+05:30  INFO 10404 --- [loanEmiSchedular] [scheduling-1] c.t.l.service.impl.EmiServiceImpl        : EMI overdue schedular started
2026-04-01T12:59:30.008+05:30  INFO 10404 --- [loanEmiSchedular] [scheduling-1] c.t.l.service.impl.EmiServiceImpl        : Marked 0 EMIs as overdue
2026-04-01T13:00:00.018+05:30  INFO 10404 --- [loanEmiSchedular] [scheduling-1] c.t.l.service.impl.EmiServiceImpl        : EMI overdue schedular started
2026-04-01T13:00:00.023+05:30  INFO 10404 --- [loanEmiSchedular] [scheduling-1] c.t.l.service.impl.EmiServiceImpl        : Marked 0 EMIs as overdue
2026-04-01T13:00:30.015+05:30  INFO 10404 --- [loanEmiSchedular] [scheduling-1] c.t.l.service.impl.EmiServiceImpl        : EMI overdue schedular started
2026-04-01T13:00:30.017+05:30  INFO 10404 --- [loanEmiSchedular] [scheduling-1] c.t.l.service.impl.EmiServiceImpl        : Marked 0 EMIs as overdue
2026-04-01T13:01:00.012+05:30  INFO 10404 --- [loanEmiSchedular] [scheduling-1] c.t.l.service.impl.EmiServiceImpl        : EMI overdue schedular started
2026-04-01T13:01:00.023+05:30  INFO 10404 --- [loanEmiSchedular] [scheduling-1] c.t.l.service.impl.EmiServiceImpl        : Marked 0 EMIs as overdue
2026-04-01T13:01:30.011+05:30  INFO 10404 --- [loanEmiSchedular] [scheduling-1] c.t.l.service.impl.EmiServiceImpl        : EMI overdue schedular started
2026-04-01T13:01:30.014+05:30  INFO 10404 --- [loanEmiSchedular] [scheduling-1] c.t.l.service.impl.EmiServiceImpl        : Marked 0 EMIs as overdue
2026-04-01T13:02:00.013+05:30  INFO 10404 --- [loanEmiSchedular] [scheduling-1] c.t.l.service.impl.EmiServiceImpl        : EMI overdue schedular started
2026-04-01T13:02:00.017+05:30  INFO 10404 --- [loanEmiSchedular] [scheduling-1] c.t.l.service.impl.EmiServiceImpl        : Marked 0 EMIs as overdue
2026-04-01T13:02:30.007+05:30  INFO 10404 --- [loanEmiSchedular] [scheduling-1] c.t.l.service.impl.EmiServiceImpl        : EMI overdue schedular started
2026-04-01T13:02:30.012+05:30  INFO 10404 --- [loanEmiSchedular] [scheduling-1] c.t.l.service.impl.EmiServiceImpl        : Marked 0 EMIs as overdue
2026-04-01T13:03:00.003+05:30  INFO 10404 --- [loanEmiSchedular] [scheduling-1] c.t.l.service.impl.EmiServiceImpl        : EMI overdue schedular started
2026-04-01T13:03:00.009+05:30  INFO 10404 --- [loanEmiSchedular] [scheduling-1] c.t.l.service.impl.EmiServiceImpl        : Marked 0 EMIs as overdue
2026-04-01T13:03:30.004+05:30  INFO 10404 --- [loanEmiSchedular] [scheduling-1] c.t.l.service.impl.EmiServiceImpl        : EMI overdue schedular started
2026-04-01T13:03:30.007+05:30  INFO 10404 --- [loanEmiSchedular] [scheduling-1] c.t.l.service.impl.EmiServiceImpl        : Marked 0 EMIs as overdue
2026-04-01T13:04:00.004+05:30  INFO 10404 --- [loanEmiSchedular] [scheduling-1] c.t.l.service.impl.EmiServiceImpl        : EMI overdue schedular started
2026-04-01T13:04:00.009+05:30  INFO 10404 --- [loanEmiSchedular] [scheduling-1] c.t.l.service.impl.EmiServiceImpl        : Marked 0 EMIs as overdue
2026-04-01T13:04:30.015+05:30  INFO 10404 --- [loanEmiSchedular] [scheduling-1] c.t.l.service.impl.EmiServiceImpl        : EMI overdue schedular started
2026-04-01T13:04:30.020+05:30  INFO 10404 --- [loanEmiSchedular] [scheduling-1] c.t.l.service.impl.EmiServiceImpl        : Marked 0 EMIs as overdue
2026-04-01T13:05:00.012+05:30  INFO 10404 --- [loanEmiSchedular] [scheduling-1] c.t.l.service.impl.EmiServiceImpl        : EMI overdue schedular started
2026-04-01T13:05:00.016+05:30  INFO 10404 --- [loanEmiSchedular] [scheduling-1] c.t.l.service.impl.EmiServiceImpl        : Marked 0 EMIs as overdue
2026-04-01T13:05:30.006+05:30  INFO 10404 --- [loanEmiSchedular] [scheduling-1] c.t.l.service.impl.EmiServiceImpl        : EMI overdue schedular started
2026-04-01T13:05:30.010+05:30  INFO 10404 --- [loanEmiSchedular] [scheduling-1] c.t.l.service.impl.EmiServiceImpl        : Marked 0 EMIs as overdue
2026-04-01T13:06:00.020+05:30  INFO 10404 --- [loanEmiSchedular] [scheduling-1] c.t.l.service.impl.EmiServiceImpl        : EMI overdue schedular started
2026-04-01T13:06:00.038+05:30  INFO 10404 --- [loanEmiSchedular] [scheduling-1] c.t.l.service.impl.EmiServiceImpl        : Marked 0 EMIs as overdue
2026-04-01T13:06:30.002+05:30  INFO 10404 --- [loanEmiSchedular] [scheduling-1] c.t.l.service.impl.EmiServiceImpl        : EMI overdue schedular started
2026-04-01T13:06:30.007+05:30  INFO 10404 --- [loanEmiSchedular] [scheduling-1] c.t.l.service.impl.EmiServiceImpl        : Marked 0 EMIs as overdue
2026-04-01T13:07:00.013+05:30  INFO 10404 --- [loanEmiSchedular] [scheduling-1] c.t.l.service.impl.EmiServiceImpl        : EMI overdue schedular started
2026-04-01T13:07:00.022+05:30  INFO 10404 --- [loanEmiSchedular] [scheduling-1] c.t.l.service.impl.EmiServiceImpl        : Marked 0 EMIs as overdue
2026-04-01T13:07:30.007+05:30  INFO 10404 --- [loanEmiSchedular] [scheduling-1] c.t.l.service.impl.EmiServiceImpl        : EMI overdue schedular started
2026-04-01T13:07:30.012+05:30  INFO 10404 --- [loanEmiSchedular] [scheduling-1] c.t.l.service.impl.EmiServiceImpl        : Marked 0 EMIs as overdue
2026-04-01T13:08:00.014+05:30  INFO 10404 --- [loanEmiSchedular] [scheduling-1] c.t.l.service.impl.EmiServiceImpl        : EMI overdue schedular started
2026-04-01T13:08:00.022+05:30  INFO 10404 --- [loanEmiSchedular] [scheduling-1] c.t.l.service.impl.EmiServiceImpl        : Marked 0 EMIs as overdue
2026-04-01T13:08:30.006+05:30  INFO 10404 --- [loanEmiSchedular] [scheduling-1] c.t.l.service.impl.EmiServiceImpl        : EMI overdue schedular started
2026-04-01T13:08:30.010+05:30  INFO 10404 --- [loanEmiSchedular] [scheduling-1] c.t.l.service.impl.EmiServiceImpl        : Marked 0 EMIs as overdue
2026-04-01T13:09:00.007+05:30  INFO 10404 --- [loanEmiSchedular] [scheduling-1] c.t.l.service.impl.EmiServiceImpl        : EMI overdue schedular started
2026-04-01T13:09:00.012+05:30  INFO 10404 --- [loanEmiSchedular] [scheduling-1] c.t.l.service.impl.EmiServiceImpl        : Marked 0 EMIs as overdue
2026-04-01T13:09:30.007+05:30  INFO 10404 --- [loanEmiSchedular] [scheduling-1] c.t.l.service.impl.EmiServiceImpl        : EMI overdue schedular started
2026-04-01T13:09:30.012+05:30  INFO 10404 --- [loanEmiSchedular] [scheduling-1] c.t.l.service.impl.EmiServiceImpl        : Marked 0 EMIs as overdue
2026-04-01T13:10:00.008+05:30  INFO 10404 --- [loanEmiSchedular] [scheduling-1] c.t.l.service.impl.EmiServiceImpl        : EMI overdue schedular started
2026-04-01T13:10:00.013+05:30  INFO 10404 --- [loanEmiSchedular] [scheduling-1] c.t.l.service.impl.EmiServiceImpl        : Marked 0 EMIs as overdue
2026-04-01T13:10:30.012+05:30  INFO 10404 --- [loanEmiSchedular] [scheduling-1] c.t.l.service.impl.EmiServiceImpl        : EMI overdue schedular started
2026-04-01T13:10:30.017+05:30  INFO 10404 --- [loanEmiSchedular] [scheduling-1] c.t.l.service.impl.EmiServiceImpl        : Marked 0 EMIs as overdue
2026-04-01T13:11:00.008+05:30  INFO 10404 --- [loanEmiSchedular] [scheduling-1] c.t.l.service.impl.EmiServiceImpl        : EMI overdue schedular started
2026-04-01T13:11:00.014+05:30  INFO 10404 --- [loanEmiSchedular] [scheduling-1] c.t.l.service.impl.EmiServiceImpl        : Marked 0 EMIs as overdue
2026-04-01T13:11:30.005+05:30  INFO 10404 --- [loanEmiSchedular] [scheduling-1] c.t.l.service.impl.EmiServiceImpl        : EMI overdue schedular started
2026-04-01T13:11:30.013+05:30  INFO 10404 --- [loanEmiSchedular] [scheduling-1] c.t.l.service.impl.EmiServiceImpl        : Marked 0 EMIs as overdue
2026-04-01T13:12:00.008+05:30  INFO 10404 --- [loanEmiSchedular] [scheduling-1] c.t.l.service.impl.EmiServiceImpl        : EMI overdue schedular started
2026-04-01T13:12:00.013+05:30  INFO 10404 --- [loanEmiSchedular] [scheduling-1] c.t.l.service.impl.EmiServiceImpl        : Marked 0 EMIs as overdue
2026-04-01T13:12:30.004+05:30  INFO 10404 --- [loanEmiSchedular] [scheduling-1] c.t.l.service.impl.EmiServiceImpl        : EMI overdue schedular started
2026-04-01T13:12:30.011+05:30  INFO 10404 --- [loanEmiSchedular] [scheduling-1] c.t.l.service.impl.EmiServiceImpl        : Marked 0 EMIs as overdue
2026-04-01T13:13:00.012+05:30  INFO 10404 --- [loanEmiSchedular] [scheduling-1] c.t.l.service.impl.EmiServiceImpl        : EMI overdue schedular started
2026-04-01T13:13:00.016+05:30  INFO 10404 --- [loanEmiSchedular] [scheduling-1] c.t.l.service.impl.EmiServiceImpl        : Marked 0 EMIs as overdue
2026-04-01T13:13:30.008+05:30  INFO 10404 --- [loanEmiSchedular] [scheduling-1] c.t.l.service.impl.EmiServiceImpl        : EMI overdue schedular started
2026-04-01T13:13:30.010+05:30  INFO 10404 --- [loanEmiSchedular] [scheduling-1] c.t.l.service.impl.EmiServiceImpl        : Marked 0 EMIs as overdue
2026-04-01T13:14:00.020+05:30  INFO 10404 --- [loanEmiSchedular] [scheduling-1] c.t.l.service.impl.EmiServiceImpl        : EMI overdue schedular started
2026-04-01T13:14:00.028+05:30  INFO 10404 --- [loanEmiSchedular] [scheduling-1] c.t.l.service.impl.EmiServiceImpl        : Marked 0 EMIs as overdue
2026-04-01T13:14:30.012+05:30  INFO 10404 --- [loanEmiSchedular] [scheduling-1] c.t.l.service.impl.EmiServiceImpl        : EMI overdue schedular started
2026-04-01T13:14:30.015+05:30  INFO 10404 --- [loanEmiSchedular] [scheduling-1] c.t.l.service.impl.EmiServiceImpl        : Marked 0 EMIs as overdue
2026-04-01T13:15:00.013+05:30  INFO 10404 --- [loanEmiSchedular] [scheduling-1] c.t.l.service.impl.EmiServiceImpl        : EMI overdue schedular started
2026-04-01T13:15:00.019+05:30  INFO 10404 --- [loanEmiSchedular] [scheduling-1] c.t.l.service.impl.EmiServiceImpl        : Marked 0 EMIs as overdue
2026-04-01T13:15:30.006+05:30  INFO 10404 --- [loanEmiSchedular] [scheduling-1] c.t.l.service.impl.EmiServiceImpl        : EMI overdue schedular started
2026-04-01T13:15:30.010+05:30  INFO 10404 --- [loanEmiSchedular] [scheduling-1] c.t.l.service.impl.EmiServiceImpl        : Marked 0 EMIs as overdue
2026-04-01T13:56:06.529+05:30  WARN 10404 --- [loanEmiSchedular] [HikariPool-1:housekeeper] com.zaxxer.hikari.pool.HikariPool        : HikariPool-1 - Thread starvation or clock leap detected (housekeeper delta=40m40s477ms82µs).
2026-04-01T13:56:10.473+05:30  INFO 10404 --- [loanEmiSchedular] [scheduling-1] c.t.l.service.impl.EmiServiceImpl        : EMI overdue schedular started
2026-04-01T13:56:10.492+05:30  INFO 10404 --- [loanEmiSchedular] [scheduling-1] c.t.l.service.impl.EmiServiceImpl        : Marked 0 EMIs as overdue
2026-04-01T13:56:30.015+05:30  INFO 10404 --- [loanEmiSchedular] [scheduling-1] c.t.l.service.impl.EmiServiceImpl        : EMI overdue schedular started
2026-04-01T13:56:30.021+05:30  INFO 10404 --- [loanEmiSchedular] [scheduling-1] c.t.l.service.impl.EmiServiceImpl        : Marked 0 EMIs as overdue
2026-04-01T13:57:00.017+05:30  INFO 10404 --- [loanEmiSchedular] [scheduling-1] c.t.l.service.impl.EmiServiceImpl        : EMI overdue schedular started
2026-04-01T13:57:00.023+05:30  INFO 10404 --- [loanEmiSchedular] [scheduling-1] c.t.l.service.impl.EmiServiceImpl        : Marked 0 EMIs as overdue
2026-04-01T13:57:30.018+05:30  INFO 10404 --- [loanEmiSchedular] [scheduling-1] c.t.l.service.impl.EmiServiceImpl        : EMI overdue schedular started
2026-04-01T13:57:30.025+05:30  INFO 10404 --- [loanEmiSchedular] [scheduling-1] c.t.l.service.impl.EmiServiceImpl        : Marked 0 EMIs as overdue
2026-04-01T13:58:00.013+05:30  INFO 10404 --- [loanEmiSchedular] [scheduling-1] c.t.l.service.impl.EmiServiceImpl        : EMI overdue schedular started
2026-04-01T13:58:00.018+05:30  INFO 10404 --- [loanEmiSchedular] [scheduling-1] c.t.l.service.impl.EmiServiceImpl        : Marked 0 EMIs as overdue
2026-04-01T13:58:30.016+05:30  INFO 10404 --- [loanEmiSchedular] [scheduling-1] c.t.l.service.impl.EmiServiceImpl        : EMI overdue schedular started
2026-04-01T13:58:30.021+05:30  INFO 10404 --- [loanEmiSchedular] [scheduling-1] c.t.l.service.impl.EmiServiceImpl        : Marked 0 EMIs as overdue
2026-04-01T13:59:00.004+05:30  INFO 10404 --- [loanEmiSchedular] [scheduling-1] c.t.l.service.impl.EmiServiceImpl        : EMI overdue schedular started
2026-04-01T13:59:00.008+05:30  INFO 10404 --- [loanEmiSchedular] [scheduling-1] c.t.l.service.impl.EmiServiceImpl        : Marked 0 EMIs as overdue
2026-04-01T13:59:30.008+05:30  INFO 10404 --- [loanEmiSchedular] [scheduling-1] c.t.l.service.impl.EmiServiceImpl        : EMI overdue schedular started
2026-04-01T13:59:30.012+05:30  INFO 10404 --- [loanEmiSchedular] [scheduling-1] c.t.l.service.impl.EmiServiceImpl        : Marked 0 EMIs as overdue
2026-04-01T14:00:00.005+05:30  INFO 10404 --- [loanEmiSchedular] [scheduling-1] c.t.l.service.impl.EmiServiceImpl        : EMI overdue schedular started
2026-04-01T14:00:00.010+05:30  INFO 10404 --- [loanEmiSchedular] [scheduling-1] c.t.l.service.impl.EmiServiceImpl        : Marked 0 EMIs as overdue
2026-04-01T14:00:30.015+05:30  INFO 10404 --- [loanEmiSchedular] [scheduling-1] c.t.l.service.impl.EmiServiceImpl        : EMI overdue schedular started
2026-04-01T14:00:30.018+05:30  INFO 10404 --- [loanEmiSchedular] [scheduling-1] c.t.l.service.impl.EmiServiceImpl        : Marked 0 EMIs as overdue
2026-04-01T14:01:00.005+05:30  INFO 10404 --- [loanEmiSchedular] [scheduling-1] c.t.l.service.impl.EmiServiceImpl        : EMI overdue schedular started
2026-04-01T14:01:00.009+05:30  INFO 10404 --- [loanEmiSchedular] [scheduling-1] c.t.l.service.impl.EmiServiceImpl        : Marked 0 EMIs as overdue
2026-04-01T14:01:30.015+05:30  INFO 10404 --- [loanEmiSchedular] [scheduling-1] c.t.l.service.impl.EmiServiceImpl        : EMI overdue schedular started
2026-04-01T14:01:30.018+05:30  INFO 10404 --- [loanEmiSchedular] [scheduling-1] c.t.l.service.impl.EmiServiceImpl        : Marked 0 EMIs as overdue
2026-04-01T14:02:00.014+05:30  INFO 10404 --- [loanEmiSchedular] [scheduling-1] c.t.l.service.impl.EmiServiceImpl        : EMI overdue schedular started
2026-04-01T14:02:00.017+05:30  INFO 10404 --- [loanEmiSchedular] [scheduling-1] c.t.l.service.impl.EmiServiceImpl        : Marked 0 EMIs as overdue
2026-04-01T14:02:30.012+05:30  INFO 10404 --- [loanEmiSchedular] [scheduling-1] c.t.l.service.impl.EmiServiceImpl        : EMI overdue schedular started
2026-04-01T14:02:30.024+05:30  INFO 10404 --- [loanEmiSchedular] [scheduling-1] c.t.l.service.impl.EmiServiceImpl        : Marked 0 EMIs as overdue
2026-04-01T14:03:00.014+05:30  INFO 10404 --- [loanEmiSchedular] [scheduling-1] c.t.l.service.impl.EmiServiceImpl        : EMI overdue schedular started
2026-04-01T14:03:00.018+05:30  INFO 10404 --- [loanEmiSchedular] [scheduling-1] c.t.l.service.impl.EmiServiceImpl        : Marked 0 EMIs as overdue
2026-04-01T14:03:30.017+05:30  INFO 10404 --- [loanEmiSchedular] [scheduling-1] c.t.l.service.impl.EmiServiceImpl        : EMI overdue schedular started
2026-04-01T14:03:30.022+05:30  INFO 10404 --- [loanEmiSchedular] [scheduling-1] c.t.l.service.impl.EmiServiceImpl        : Marked 0 EMIs as overdue
2026-04-01T14:04:00.005+05:30  INFO 10404 --- [loanEmiSchedular] [scheduling-1] c.t.l.service.impl.EmiServiceImpl        : EMI overdue schedular started
2026-04-01T14:04:00.008+05:30  INFO 10404 --- [loanEmiSchedular] [scheduling-1] c.t.l.service.impl.EmiServiceImpl        : Marked 0 EMIs as overdue
2026-04-01T14:04:30.008+05:30  INFO 10404 --- [loanEmiSchedular] [scheduling-1] c.t.l.service.impl.EmiServiceImpl        : EMI overdue schedular started
2026-04-01T14:04:30.012+05:30  INFO 10404 --- [loanEmiSchedular] [scheduling-1] c.t.l.service.impl.EmiServiceImpl        : Marked 0 EMIs as overdue
2026-04-01T14:05:00.010+05:30  INFO 10404 --- [loanEmiSchedular] [scheduling-1] c.t.l.service.impl.EmiServiceImpl        : EMI overdue schedular started
2026-04-01T14:05:00.014+05:30  INFO 10404 --- [loanEmiSchedular] [scheduling-1] c.t.l.service.impl.EmiServiceImpl        : Marked 0 EMIs as overdue
2026-04-01T14:12:37.807+05:30  WARN 10404 --- [loanEmiSchedular] [HikariPool-1:housekeeper] com.zaxxer.hikari.pool.HikariPool        : HikariPool-1 - Thread starvation or clock leap detected (housekeeper delta=7m31s101ms103µs500ns).
2026-04-01T14:12:42.871+05:30  INFO 10404 --- [loanEmiSchedular] [scheduling-1] c.t.l.service.impl.EmiServiceImpl        : EMI overdue schedular started
2026-04-01T14:12:42.900+05:30  INFO 10404 --- [loanEmiSchedular] [scheduling-1] c.t.l.service.impl.EmiServiceImpl        : Marked 0 EMIs as overdue
2026-04-01T14:13:00.028+05:30  INFO 10404 --- [loanEmiSchedular] [scheduling-1] c.t.l.service.impl.EmiServiceImpl        : EMI overdue schedular started
2026-04-01T14:13:00.033+05:30  INFO 10404 --- [loanEmiSchedular] [scheduling-1] c.t.l.service.impl.EmiServiceImpl        : Marked 0 EMIs as overdue
2026-04-01T14:13:30.007+05:30  INFO 10404 --- [loanEmiSchedular] [scheduling-1] c.t.l.service.impl.EmiServiceImpl        : EMI overdue schedular started
2026-04-01T14:13:30.011+05:30  INFO 10404 --- [loanEmiSchedular] [scheduling-1] c.t.l.service.impl.EmiServiceImpl        : Marked 0 EMIs as overdue
2026-04-01T14:14:00.020+05:30  INFO 10404 --- [loanEmiSchedular] [scheduling-1] c.t.l.service.impl.EmiServiceImpl        : EMI overdue schedular started
2026-04-01T14:14:00.033+05:30  INFO 10404 --- [loanEmiSchedular] [scheduling-1] c.t.l.service.impl.EmiServiceImpl        : Marked 0 EMIs as overdue
2026-04-01T14:14:30.018+05:30  INFO 10404 --- [loanEmiSchedular] [scheduling-1] c.t.l.service.impl.EmiServiceImpl        : EMI overdue schedular started
2026-04-01T14:14:30.024+05:30  INFO 10404 --- [loanEmiSchedular] [scheduling-1] c.t.l.service.impl.EmiServiceImpl        : Marked 0 EMIs as overdue
2026-04-01T14:15:00.014+05:30  INFO 10404 --- [loanEmiSchedular] [scheduling-1] c.t.l.service.impl.EmiServiceImpl        : EMI overdue schedular started
2026-04-01T14:15:00.030+05:30  INFO 10404 --- [loanEmiSchedular] [scheduling-1] c.t.l.service.impl.EmiServiceImpl        : Marked 0 EMIs as overdue
2026-04-01T14:15:30.013+05:30  INFO 10404 --- [loanEmiSchedular] [scheduling-1] c.t.l.service.impl.EmiServiceImpl        : EMI overdue schedular started
2026-04-01T14:15:30.016+05:30  INFO 10404 --- [loanEmiSchedular] [scheduling-1] c.t.l.service.impl.EmiServiceImpl        : Marked 0 EMIs as overdue
2026-04-01T14:16:00.014+05:30  INFO 10404 --- [loanEmiSchedular] [scheduling-1] c.t.l.service.impl.EmiServiceImpl        : EMI overdue schedular started
2026-04-01T14:16:00.020+05:30  INFO 10404 --- [loanEmiSchedular] [scheduling-1] c.t.l.service.impl.EmiServiceImpl        : Marked 0 EMIs as overdue
2026-04-01T14:16:30.002+05:30  INFO 10404 --- [loanEmiSchedular] [scheduling-1] c.t.l.service.impl.EmiServiceImpl        : EMI overdue schedular started
2026-04-01T14:16:30.019+05:30  INFO 10404 --- [loanEmiSchedular] [scheduling-1] c.t.l.service.impl.EmiServiceImpl        : Marked 0 EMIs as overdue
2026-04-01T14:17:00.012+05:30  INFO 10404 --- [loanEmiSchedular] [scheduling-1] c.t.l.service.impl.EmiServiceImpl        : EMI overdue schedular started
2026-04-01T14:17:00.018+05:30  INFO 10404 --- [loanEmiSchedular] [scheduling-1] c.t.l.service.impl.EmiServiceImpl        : Marked 0 EMIs as overdue
2026-04-01T14:17:30.004+05:30  INFO 10404 --- [loanEmiSchedular] [scheduling-1] c.t.l.service.impl.EmiServiceImpl        : EMI overdue schedular started
2026-04-01T14:17:30.009+05:30  INFO 10404 --- [loanEmiSchedular] [scheduling-1] c.t.l.service.impl.EmiServiceImpl        : Marked 0 EMIs as overdue
2026-04-01T14:18:00.001+05:30  INFO 10404 --- [loanEmiSchedular] [scheduling-1] c.t.l.service.impl.EmiServiceImpl        : EMI overdue schedular started
2026-04-01T14:18:00.008+05:30  INFO 10404 --- [loanEmiSchedular] [scheduling-1] c.t.l.service.impl.EmiServiceImpl        : Marked 0 EMIs as overdue
2026-04-01T14:18:30.014+05:30  INFO 10404 --- [loanEmiSchedular] [scheduling-1] c.t.l.service.impl.EmiServiceImpl        : EMI overdue schedular started
2026-04-01T14:18:30.022+05:30  INFO 10404 --- [loanEmiSchedular] [scheduling-1] c.t.l.service.impl.EmiServiceImpl        : Marked 0 EMIs as overdue
2026-04-01T14:19:00.010+05:30  INFO 10404 --- [loanEmiSchedular] [scheduling-1] c.t.l.service.impl.EmiServiceImpl        : EMI overdue schedular started
2026-04-01T14:19:00.017+05:30  INFO 10404 --- [loanEmiSchedular] [scheduling-1] c.t.l.service.impl.EmiServiceImpl        : Marked 0 EMIs as overdue
2026-04-01T14:19:30.006+05:30  INFO 10404 --- [loanEmiSchedular] [scheduling-1] c.t.l.service.impl.EmiServiceImpl        : EMI overdue schedular started
2026-04-01T14:19:30.008+05:30  INFO 10404 --- [loanEmiSchedular] [scheduling-1] c.t.l.service.impl.EmiServiceImpl        : Marked 0 EMIs as overdue
2026-04-01T14:20:00.005+05:30  INFO 10404 --- [loanEmiSchedular] [scheduling-1] c.t.l.service.impl.EmiServiceImpl        : EMI overdue schedular started
2026-04-01T14:20:00.010+05:30  INFO 10404 --- [loanEmiSchedular] [scheduling-1] c.t.l.service.impl.EmiServiceImpl        : Marked 0 EMIs as overdue
2026-04-01T14:20:30.016+05:30  INFO 10404 --- [loanEmiSchedular] [scheduling-1] c.t.l.service.impl.EmiServiceImpl        : EMI overdue schedular started
2026-04-01T14:20:30.052+05:30  INFO 10404 --- [loanEmiSchedular] [scheduling-1] c.t.l.service.impl.EmiServiceImpl        : Marked 0 EMIs as overdue
2026-04-01T14:21:00.010+05:30  INFO 10404 --- [loanEmiSchedular] [scheduling-1] c.t.l.service.impl.EmiServiceImpl        : EMI overdue schedular started
2026-04-01T14:21:00.013+05:30  INFO 10404 --- [loanEmiSchedular] [scheduling-1] c.t.l.service.impl.EmiServiceImpl        : Marked 0 EMIs as overdue
2026-04-01T14:21:30.007+05:30  INFO 10404 --- [loanEmiSchedular] [scheduling-1] c.t.l.service.impl.EmiServiceImpl        : EMI overdue schedular started
2026-04-01T14:21:30.011+05:30  INFO 10404 --- [loanEmiSchedular] [scheduling-1] c.t.l.service.impl.EmiServiceImpl        : Marked 0 EMIs as overdue
2026-04-01T14:22:00.014+05:30  INFO 10404 --- [loanEmiSchedular] [scheduling-1] c.t.l.service.impl.EmiServiceImpl        : EMI overdue schedular started
2026-04-01T14:22:00.022+05:30  INFO 10404 --- [loanEmiSchedular] [scheduling-1] c.t.l.service.impl.EmiServiceImpl        : Marked 0 EMIs as overdue
2026-04-01T14:22:30.009+05:30  INFO 10404 --- [loanEmiSchedular] [scheduling-1] c.t.l.service.impl.EmiServiceImpl        : EMI overdue schedular started
2026-04-01T14:22:30.011+05:30  INFO 10404 --- [loanEmiSchedular] [scheduling-1] c.t.l.service.impl.EmiServiceImpl        : Marked 0 EMIs as overdue
2026-04-01T14:23:00.019+05:30  INFO 10404 --- [loanEmiSchedular] [scheduling-1] c.t.l.service.impl.EmiServiceImpl        : EMI overdue schedular started
2026-04-01T14:23:00.038+05:30  INFO 10404 --- [loanEmiSchedular] [scheduling-1] c.t.l.service.impl.EmiServiceImpl        : Marked 0 EMIs as overdue
2026-04-01T14:23:30.013+05:30  INFO 10404 --- [loanEmiSchedular] [scheduling-1] c.t.l.service.impl.EmiServiceImpl        : EMI overdue schedular started
2026-04-01T14:23:30.030+05:30  INFO 10404 --- [loanEmiSchedular] [scheduling-1] c.t.l.service.impl.EmiServiceImpl        : Marked 0 EMIs as overdue
2026-04-01T14:24:00.010+05:30  INFO 10404 --- [loanEmiSchedular] [scheduling-1] c.t.l.service.impl.EmiServiceImpl        : EMI overdue schedular started
2026-04-01T14:24:00.016+05:30  INFO 10404 --- [loanEmiSchedular] [scheduling-1] c.t.l.service.impl.EmiServiceImpl        : Marked 0 EMIs as overdue
2026-04-01T14:24:30.004+05:30  INFO 10404 --- [loanEmiSchedular] [scheduling-1] c.t.l.service.impl.EmiServiceImpl        : EMI overdue schedular started
2026-04-01T14:24:30.009+05:30  INFO 10404 --- [loanEmiSchedular] [scheduling-1] c.t.l.service.impl.EmiServiceImpl        : Marked 0 EMIs as overdue
2026-04-01T14:25:00.007+05:30  INFO 10404 --- [loanEmiSchedular] [scheduling-1] c.t.l.service.impl.EmiServiceImpl        : EMI overdue schedular started
2026-04-01T14:25:00.012+05:30  INFO 10404 --- [loanEmiSchedular] [scheduling-1] c.t.l.service.impl.EmiServiceImpl        : Marked 0 EMIs as overdue
2026-04-01T14:25:30.013+05:30  INFO 10404 --- [loanEmiSchedular] [scheduling-1] c.t.l.service.impl.EmiServiceImpl        : EMI overdue schedular started
2026-04-01T14:25:30.017+05:30  INFO 10404 --- [loanEmiSchedular] [scheduling-1] c.t.l.service.impl.EmiServiceImpl        : Marked 0 EMIs as overdue
2026-04-01T14:26:00.009+05:30  INFO 10404 --- [loanEmiSchedular] [scheduling-1] c.t.l.service.impl.EmiServiceImpl        : EMI overdue schedular started
2026-04-01T14:26:00.021+05:30  INFO 10404 --- [loanEmiSchedular] [scheduling-1] c.t.l.service.impl.EmiServiceImpl        : Marked 0 EMIs as overdue
2026-04-01T14:26:30.007+05:30  INFO 10404 --- [loanEmiSchedular] [scheduling-1] c.t.l.service.impl.EmiServiceImpl        : EMI overdue schedular started
2026-04-01T14:26:30.031+05:30  INFO 10404 --- [loanEmiSchedular] [scheduling-1] c.t.l.service.impl.EmiServiceImpl        : Marked 0 EMIs as overdue
2026-04-01T14:27:00.012+05:30  INFO 10404 --- [loanEmiSchedular] [scheduling-1] c.t.l.service.impl.EmiServiceImpl        : EMI overdue schedular started
2026-04-01T14:27:00.020+05:30  INFO 10404 --- [loanEmiSchedular] [scheduling-1] c.t.l.service.impl.EmiServiceImpl        : Marked 0 EMIs as overdue
2026-04-01T14:27:30.012+05:30  INFO 10404 --- [loanEmiSchedular] [scheduling-1] c.t.l.service.impl.EmiServiceImpl        : EMI overdue schedular started
2026-04-01T14:27:30.015+05:30  INFO 10404 --- [loanEmiSchedular] [scheduling-1] c.t.l.service.impl.EmiServiceImpl        : Marked 0 EMIs as overdue
2026-04-01T14:28:00.012+05:30  INFO 10404 --- [loanEmiSchedular] [scheduling-1] c.t.l.service.impl.EmiServiceImpl        : EMI overdue schedular started
2026-04-01T14:28:00.018+05:30  INFO 10404 --- [loanEmiSchedular] [scheduling-1] c.t.l.service.impl.EmiServiceImpl        : Marked 0 EMIs as overdue
2026-04-01T14:28:30.003+05:30  INFO 10404 --- [loanEmiSchedular] [scheduling-1] c.t.l.service.impl.EmiServiceImpl        : EMI overdue schedular started
2026-04-01T14:28:30.007+05:30  INFO 10404 --- [loanEmiSchedular] [scheduling-1] c.t.l.service.impl.EmiServiceImpl        : Marked 0 EMIs as overdue
2026-04-01T14:29:00.013+05:30  INFO 10404 --- [loanEmiSchedular] [scheduling-1] c.t.l.service.impl.EmiServiceImpl        : EMI overdue schedular started
2026-04-01T14:29:00.017+05:30  INFO 10404 --- [loanEmiSchedular] [scheduling-1] c.t.l.service.impl.EmiServiceImpl        : Marked 0 EMIs as overdue
2026-04-01T14:29:30.015+05:30  INFO 10404 --- [loanEmiSchedular] [scheduling-1] c.t.l.service.impl.EmiServiceImpl        : EMI overdue schedular started
2026-04-01T14:29:30.017+05:30  INFO 10404 --- [loanEmiSchedular] [scheduling-1] c.t.l.service.impl.EmiServiceImpl        : Marked 0 EMIs as overdue
2026-04-01T14:30:00.008+05:30  INFO 10404 --- [loanEmiSchedular] [scheduling-1] c.t.l.service.impl.EmiServiceImpl        : EMI overdue schedular started
2026-04-01T14:30:00.012+05:30  INFO 10404 --- [loanEmiSchedular] [scheduling-1] c.t.l.service.impl.EmiServiceImpl        : Marked 0 EMIs as overdue
2026-04-01T14:30:30.014+05:30  INFO 10404 --- [loanEmiSchedular] [scheduling-1] c.t.l.service.impl.EmiServiceImpl        : EMI overdue schedular started
2026-04-01T14:30:30.018+05:30  INFO 10404 --- [loanEmiSchedular] [scheduling-1] c.t.l.service.impl.EmiServiceImpl        : Marked 0 EMIs as overdue
2026-04-01T14:31:00.044+05:30  INFO 10404 --- [loanEmiSchedular] [scheduling-1] c.t.l.service.impl.EmiServiceImpl        : EMI overdue schedular started
2026-04-01T14:31:00.071+05:30  INFO 10404 --- [loanEmiSchedular] [scheduling-1] c.t.l.service.impl.EmiServiceImpl        : Marked 0 EMIs as overdue
2026-04-01T14:31:30.003+05:30  INFO 10404 --- [loanEmiSchedular] [scheduling-1] c.t.l.service.impl.EmiServiceImpl        : EMI overdue schedular started
2026-04-01T14:31:30.023+05:30  INFO 10404 --- [loanEmiSchedular] [scheduling-1] c.t.l.service.impl.EmiServiceImpl        : Marked 0 EMIs as overdue
2026-04-01T14:31:57.285+05:30  INFO 10404 --- [loanEmiSchedular] [SpringApplicationShutdownHook] o.s.boot.tomcat.GracefulShutdown         : Commencing graceful shutdown. Waiting for active requests to complete
2026-04-01T14:31:57.677+05:30  INFO 10404 --- [loanEmiSchedular] [tomcat-shutdown] o.s.boot.tomcat.GracefulShutdown         : Graceful shutdown complete
2026-04-01T14:31:57.713+05:30  INFO 10404 --- [loanEmiSchedular] [SpringApplicationShutdownHook] j.LocalContainerEntityManagerFactoryBean : Closing JPA EntityManagerFactory for persistence unit 'default'
2026-04-01T14:31:57.788+05:30  INFO 10404 --- [loanEmiSchedular] [SpringApplicationShutdownHook] com.zaxxer.hikari.HikariDataSource       : HikariPool-1 - Shutdown initiated...
2026-04-01T14:31:57.811+05:30  INFO 10404 --- [loanEmiSchedular] [SpringApplicationShutdownHook] com.zaxxer.hikari.HikariDataSource       : HikariPool-1 - Shutdown completed.
2026-04-01T21:59:03.309+05:30  INFO 19688 --- [loanEmiSchedular] [main] c.t.l.LoanEmiSchedularApplicationTests   : Starting LoanEmiSchedularApplicationTests using Java 18.0.2.1 with PID 19688 (started by Rahul.Dave in C:\Users\Rahul.Dave\Desktop\loanEmiSchedular)
2026-04-01T21:59:03.312+05:30 DEBUG 19688 --- [loanEmiSchedular] [main] c.t.l.LoanEmiSchedularApplicationTests   : Running with Spring Boot v4.0.4, Spring v7.0.6
2026-04-01T21:59:03.314+05:30  INFO 19688 --- [loanEmiSchedular] [main] c.t.l.LoanEmiSchedularApplicationTests   : No active profile set, falling back to 1 default profile: "default"
2026-04-01T21:59:04.221+05:30  INFO 19688 --- [loanEmiSchedular] [main] .s.d.r.c.RepositoryConfigurationDelegate : Bootstrapping Spring Data JPA repositories in DEFAULT mode.
2026-04-01T21:59:04.297+05:30  INFO 19688 --- [loanEmiSchedular] [main] .s.d.r.c.RepositoryConfigurationDelegate : Finished Spring Data repository scanning in 65 ms. Found 7 JPA repository interfaces.
2026-04-01T21:59:05.161+05:30  INFO 19688 --- [loanEmiSchedular] [main] org.hibernate.orm.jpa                    : HHH008540: Processing PersistenceUnitInfo [name: default]
2026-04-01T21:59:05.247+05:30  INFO 19688 --- [loanEmiSchedular] [main] org.hibernate.orm.core                   : HHH000001: Hibernate ORM core version 7.2.7.Final
2026-04-01T21:59:05.967+05:30  INFO 19688 --- [loanEmiSchedular] [main] o.s.o.j.p.SpringPersistenceUnitInfo      : No LoadTimeWeaver setup: ignoring JPA class transformer
2026-04-01T21:59:06.000+05:30  INFO 19688 --- [loanEmiSchedular] [main] com.zaxxer.hikari.HikariDataSource       : HikariPool-1 - Starting...
2026-04-01T21:59:06.273+05:30  INFO 19688 --- [loanEmiSchedular] [main] com.zaxxer.hikari.pool.HikariPool        : HikariPool-1 - Added connection org.postgresql.jdbc.PgConnection@4177d422
2026-04-01T21:59:06.275+05:30  INFO 19688 --- [loanEmiSchedular] [main] com.zaxxer.hikari.HikariDataSource       : HikariPool-1 - Start completed.
2026-04-01T21:59:06.360+05:30  INFO 19688 --- [loanEmiSchedular] [main] org.hibernate.orm.connections.pooling    : HHH10001005: Database info:
	Database JDBC URL [jdbc:postgresql://localhost:5432/loanEmiSchedular]
	Database driver: PostgreSQL JDBC Driver
	Database dialect: PostgreSQLDialect
	Database version: 18.3
	Default catalog/schema: loanEmiSchedular/public
	Autocommit mode: undefined/unknown
	Isolation level: READ_COMMITTED [default READ_COMMITTED]
	JDBC fetch size: none
	Pool: DataSourceConnectionProvider
	Minimum pool size: undefined/unknown
	Maximum pool size: undefined/unknown
2026-04-01T21:59:07.650+05:30  INFO 19688 --- [loanEmiSchedular] [main] org.hibernate.orm.core                   : HHH000489: No JTA platform available (set 'hibernate.transaction.jta.platform' to enable JTA platform integration)
2026-04-01T21:59:07.755+05:30  INFO 19688 --- [loanEmiSchedular] [main] j.LocalContainerEntityManagerFactoryBean : Initialized JPA EntityManagerFactory for persistence unit 'default'
2026-04-01T21:59:07.868+05:30  INFO 19688 --- [loanEmiSchedular] [main] o.s.d.j.r.query.QueryEnhancerFactories   : Hibernate is in classpath; If applicable, HQL parser will be used.
2026-04-01T21:59:09.577+05:30  WARN 19688 --- [loanEmiSchedular] [main] JpaBaseConfiguration$JpaWebConfiguration : spring.jpa.open-in-view is enabled by default. Therefore, database queries may be performed during view rendering. Explicitly configure spring.jpa.open-in-view to disable this warning
2026-04-01T21:59:09.776+05:30  WARN 19688 --- [loanEmiSchedular] [main] .s.a.UserDetailsServiceAutoConfiguration : 

Using generated security password: 11a8d2d9-cd53-43ba-aede-c08ed55f1617

This generated password is for development use only. Your security configuration must be updated before running your application in production.

2026-04-01T21:59:09.786+05:30  INFO 19688 --- [loanEmiSchedular] [main] r$InitializeUserDetailsManagerConfigurer : Global AuthenticationManager configured with UserDetailsService bean with name inMemoryUserDetailsManager
2026-04-01T21:59:10.774+05:30  INFO 19688 --- [loanEmiSchedular] [main] c.t.l.LoanEmiSchedularApplicationTests   : Started LoanEmiSchedularApplicationTests in 7.833 seconds (process running for 9.054)
2026-04-01T21:59:12.078+05:30  INFO 19688 --- [loanEmiSchedular] [main] c.t.l.service.impl.LoanServiceImpl       : Applying loan for user: test@mail.com
2026-04-01T21:59:12.087+05:30  INFO 19688 --- [loanEmiSchedular] [main] c.t.l.service.impl.LoanServiceImpl       : Loan applied of user: test@mail.com
2026-04-01T21:59:12.088+05:30  INFO 19688 --- [loanEmiSchedular] [main] c.t.l.service.impl.LoanServiceImpl       : Final dti of user is >40 , So Loan Rejected
2026-04-01T21:59:12.121+05:30  INFO 19688 --- [loanEmiSchedular] [main] c.t.l.service.impl.LoanServiceImpl       : Applying loan for user: test@mail.com
2026-04-01T21:59:12.135+05:30  INFO 19688 --- [loanEmiSchedular] [main] c.t.l.service.impl.LoanServiceImpl       : Applying loan for user: test@mail.com
2026-04-01T21:59:12.152+05:30  INFO 19688 --- [loanEmiSchedular] [main] c.t.l.service.impl.LoanServiceImpl       : Applying loan for user: test@mail.com
2026-04-01T21:59:12.157+05:30  INFO 19688 --- [loanEmiSchedular] [main] c.t.l.service.impl.LoanServiceImpl       : Loan applied of user: test@mail.com
2026-04-01T21:59:12.177+05:30  INFO 19688 --- [loanEmiSchedular] [main] c.t.l.service.impl.LoanServiceImpl       : Applying loan for user: test@mail.com
2026-04-01T21:59:12.178+05:30 ERROR 19688 --- [loanEmiSchedular] [main] c.t.l.service.impl.LoanServiceImpl       : Error while applying loan, KYC not done
2026-04-01T21:59:12.607+05:30  INFO 19688 --- [loanEmiSchedular] [main] c.t.l.service.impl.PaymentServiceImpl    : EMI #1 paid for loan null. TxnId: TXN-41B89033-907
2026-04-01T21:59:12.766+05:30  INFO 19688 --- [loanEmiSchedular] [SpringApplicationShutdownHook] j.LocalContainerEntityManagerFactoryBean : Closing JPA EntityManagerFactory for persistence unit 'default'
2026-04-01T21:59:12.773+05:30  INFO 19688 --- [loanEmiSchedular] [SpringApplicationShutdownHook] com.zaxxer.hikari.HikariDataSource       : HikariPool-1 - Shutdown initiated...
2026-04-01T21:59:12.799+05:30  INFO 19688 --- [loanEmiSchedular] [SpringApplicationShutdownHook] com.zaxxer.hikari.HikariDataSource       : HikariPool-1 - Shutdown completed.
2026-04-01T21:59:45.928+05:30  INFO 14688 --- [loanEmiSchedular] [restartedMain] c.t.l.LoanEmiSchedularApplication        : Starting LoanEmiSchedularApplication using Java 18.0.2.1 with PID 14688 (C:\Users\Rahul.Dave\Desktop\loanEmiSchedular\target\classes started by Rahul.Dave in C:\Users\Rahul.Dave\Desktop\loanEmiSchedular)
2026-04-01T21:59:45.931+05:30 DEBUG 14688 --- [loanEmiSchedular] [restartedMain] c.t.l.LoanEmiSchedularApplication        : Running with Spring Boot v4.0.4, Spring v7.0.6
2026-04-01T21:59:45.933+05:30  INFO 14688 --- [loanEmiSchedular] [restartedMain] c.t.l.LoanEmiSchedularApplication        : No active profile set, falling back to 1 default profile: "default"
2026-04-01T21:59:46.009+05:30  INFO 14688 --- [loanEmiSchedular] [restartedMain] .e.DevToolsPropertyDefaultsPostProcessor : Devtools property defaults active! Set 'spring.devtools.add-properties' to 'false' to disable
2026-04-01T21:59:46.010+05:30  INFO 14688 --- [loanEmiSchedular] [restartedMain] .e.DevToolsPropertyDefaultsPostProcessor : For additional web related logging consider setting the 'logging.level.web' property to 'DEBUG'
2026-04-01T21:59:46.591+05:30  INFO 14688 --- [loanEmiSchedular] [restartedMain] .s.d.r.c.RepositoryConfigurationDelegate : Bootstrapping Spring Data JPA repositories in DEFAULT mode.
2026-04-01T21:59:46.655+05:30  INFO 14688 --- [loanEmiSchedular] [restartedMain] .s.d.r.c.RepositoryConfigurationDelegate : Finished Spring Data repository scanning in 56 ms. Found 7 JPA repository interfaces.
2026-04-01T21:59:47.172+05:30  INFO 14688 --- [loanEmiSchedular] [restartedMain] o.s.boot.tomcat.TomcatWebServer          : Tomcat initialized with port 8080 (http)
2026-04-01T21:59:47.182+05:30  INFO 14688 --- [loanEmiSchedular] [restartedMain] o.apache.catalina.core.StandardService   : Starting service [Tomcat]
2026-04-01T21:59:47.182+05:30  INFO 14688 --- [loanEmiSchedular] [restartedMain] o.apache.catalina.core.StandardEngine    : Starting Servlet engine: [Apache Tomcat/11.0.18]
2026-04-01T21:59:47.218+05:30  INFO 14688 --- [loanEmiSchedular] [restartedMain] b.w.c.s.WebApplicationContextInitializer : Root WebApplicationContext: initialization completed in 1207 ms
2026-04-01T21:59:47.325+05:30  INFO 14688 --- [loanEmiSchedular] [restartedMain] org.hibernate.orm.jpa                    : HHH008540: Processing PersistenceUnitInfo [name: default]
2026-04-01T21:59:47.359+05:30  INFO 14688 --- [loanEmiSchedular] [restartedMain] org.hibernate.orm.core                   : HHH000001: Hibernate ORM core version 7.2.7.Final
2026-04-01T21:59:47.684+05:30  INFO 14688 --- [loanEmiSchedular] [restartedMain] o.s.o.j.p.SpringPersistenceUnitInfo      : No LoadTimeWeaver setup: ignoring JPA class transformer
2026-04-01T21:59:47.708+05:30  INFO 14688 --- [loanEmiSchedular] [restartedMain] com.zaxxer.hikari.HikariDataSource       : HikariPool-1 - Starting...
2026-04-01T21:59:47.868+05:30  INFO 14688 --- [loanEmiSchedular] [restartedMain] com.zaxxer.hikari.pool.HikariPool        : HikariPool-1 - Added connection org.postgresql.jdbc.PgConnection@4b5447d7
2026-04-01T21:59:47.869+05:30  INFO 14688 --- [loanEmiSchedular] [restartedMain] com.zaxxer.hikari.HikariDataSource       : HikariPool-1 - Start completed.
2026-04-01T21:59:47.927+05:30  INFO 14688 --- [loanEmiSchedular] [restartedMain] org.hibernate.orm.connections.pooling    : HHH10001005: Database info:
	Database JDBC URL [jdbc:postgresql://localhost:5432/loanEmiSchedular]
	Database driver: PostgreSQL JDBC Driver
	Database dialect: PostgreSQLDialect
	Database version: 18.3
	Default catalog/schema: loanEmiSchedular/public
	Autocommit mode: undefined/unknown
	Isolation level: READ_COMMITTED [default READ_COMMITTED]
	JDBC fetch size: none
	Pool: DataSourceConnectionProvider
	Minimum pool size: undefined/unknown
	Maximum pool size: undefined/unknown
2026-04-01T21:59:48.885+05:30  INFO 14688 --- [loanEmiSchedular] [restartedMain] org.hibernate.orm.core                   : HHH000489: No JTA platform available (set 'hibernate.transaction.jta.platform' to enable JTA platform integration)
2026-04-01T21:59:49.059+05:30  WARN 14688 --- [loanEmiSchedular] [restartedMain] org.hibernate.orm.jdbc.warn              : HHH000247: ErrorCode: 0, SQLState: 00000
2026-04-01T21:59:49.059+05:30  WARN 14688 --- [loanEmiSchedular] [restartedMain] org.hibernate.orm.jdbc.warn              : constraint "ukij64jgaa5eol2bkora1bblhn9" of relation "addresses" does not exist, skipping
2026-04-01T21:59:49.068+05:30  WARN 14688 --- [loanEmiSchedular] [restartedMain] org.hibernate.orm.jdbc.warn              : HHH000247: ErrorCode: 0, SQLState: 00000
2026-04-01T21:59:49.068+05:30  WARN 14688 --- [loanEmiSchedular] [restartedMain] org.hibernate.orm.jdbc.warn              : constraint "ukfs4g78uvigd193dvjt8xoxq22" of relation "borrower_profiles" does not exist, skipping
2026-04-01T21:59:49.074+05:30  WARN 14688 --- [loanEmiSchedular] [restartedMain] org.hibernate.orm.jdbc.warn              : HHH000247: ErrorCode: 0, SQLState: 00000
2026-04-01T21:59:49.074+05:30  WARN 14688 --- [loanEmiSchedular] [restartedMain] org.hibernate.orm.jdbc.warn              : constraint "uk3irgjxfxajvbjwii86nppaxv8" of relation "borrower_profiles" does not exist, skipping
2026-04-01T21:59:49.079+05:30  WARN 14688 --- [loanEmiSchedular] [restartedMain] org.hibernate.orm.jdbc.warn              : HHH000247: ErrorCode: 0, SQLState: 00000
2026-04-01T21:59:49.079+05:30  WARN 14688 --- [loanEmiSchedular] [restartedMain] org.hibernate.orm.jdbc.warn              : constraint "uk2u1wocp65pmmk73ww85pi5lvu" of relation "borrower_profiles" does not exist, skipping
2026-04-01T21:59:49.086+05:30  WARN 14688 --- [loanEmiSchedular] [restartedMain] org.hibernate.orm.jdbc.warn              : HHH000247: ErrorCode: 0, SQLState: 00000
2026-04-01T21:59:49.087+05:30  WARN 14688 --- [loanEmiSchedular] [restartedMain] org.hibernate.orm.jdbc.warn              : constraint "uk6dotkott2kjsp8vw4d0m25fb7" of relation "users" does not exist, skipping
2026-04-01T21:59:49.131+05:30  INFO 14688 --- [loanEmiSchedular] [restartedMain] j.LocalContainerEntityManagerFactoryBean : Initialized JPA EntityManagerFactory for persistence unit 'default'
2026-04-01T21:59:49.199+05:30  INFO 14688 --- [loanEmiSchedular] [restartedMain] o.s.d.j.r.query.QueryEnhancerFactories   : Hibernate is in classpath; If applicable, HQL parser will be used.
2026-04-01T21:59:49.372+05:30 DEBUG 14688 --- [loanEmiSchedular] [restartedMain] c.t.l.security.JwtAuthFilter             : Filter 'jwtAuthFilter' configured for use
2026-04-01T21:59:50.019+05:30  WARN 14688 --- [loanEmiSchedular] [restartedMain] JpaBaseConfiguration$JpaWebConfiguration : spring.jpa.open-in-view is enabled by default. Therefore, database queries may be performed during view rendering. Explicitly configure spring.jpa.open-in-view to disable this warning
2026-04-01T21:59:50.124+05:30  WARN 14688 --- [loanEmiSchedular] [restartedMain] .s.a.UserDetailsServiceAutoConfiguration : 

Using generated security password: 7cca6e3e-73be-42b3-b2d3-8c47e8809844

This generated password is for development use only. Your security configuration must be updated before running your application in production.

2026-04-01T21:59:50.130+05:30  INFO 14688 --- [loanEmiSchedular] [restartedMain] r$InitializeUserDetailsManagerConfigurer : Global AuthenticationManager configured with UserDetailsService bean with name inMemoryUserDetailsManager
2026-04-01T21:59:50.584+05:30  INFO 14688 --- [loanEmiSchedular] [restartedMain] o.s.boot.tomcat.TomcatWebServer          : Tomcat started on port 8080 (http) with context path '/'
2026-04-01T21:59:50.592+05:30  INFO 14688 --- [loanEmiSchedular] [restartedMain] c.t.l.LoanEmiSchedularApplication        : Started LoanEmiSchedularApplication in 5.168 seconds (process running for 6.158)
2026-04-01T22:00:00.020+05:30  INFO 14688 --- [loanEmiSchedular] [scheduling-1] c.t.l.service.impl.EmiServiceImpl        : EMI overdue schedular started
2026-04-01T22:00:00.149+05:30  INFO 14688 --- [loanEmiSchedular] [scheduling-1] c.t.l.service.impl.EmiServiceImpl        : Marked 0 EMIs as overdue
2026-04-01T22:00:10.011+05:30  INFO 14688 --- [loanEmiSchedular] [http-nio-8080-exec-2] o.a.c.c.C.[Tomcat].[localhost].[/]       : Initializing Spring DispatcherServlet 'dispatcherServlet'
2026-04-01T22:00:10.011+05:30  INFO 14688 --- [loanEmiSchedular] [http-nio-8080-exec-2] o.s.web.servlet.DispatcherServlet        : Initializing Servlet 'dispatcherServlet'
2026-04-01T22:00:10.017+05:30  INFO 14688 --- [loanEmiSchedular] [http-nio-8080-exec-2] o.s.web.servlet.DispatcherServlet        : Completed initialization in 5 ms
2026-04-01T22:00:30.050+05:30  INFO 14688 --- [loanEmiSchedular] [scheduling-1] c.t.l.service.impl.EmiServiceImpl        : EMI overdue schedular started
2026-04-01T22:00:30.054+05:30  INFO 14688 --- [loanEmiSchedular] [scheduling-1] c.t.l.service.impl.EmiServiceImpl        : Marked 0 EMIs as overdue
2026-04-01T22:01:00.017+05:30  INFO 14688 --- [loanEmiSchedular] [scheduling-1] c.t.l.service.impl.EmiServiceImpl        : EMI overdue schedular started
2026-04-01T22:01:00.020+05:30  INFO 14688 --- [loanEmiSchedular] [scheduling-1] c.t.l.service.impl.EmiServiceImpl        : Marked 0 EMIs as overdue
2026-04-01T22:01:30.002+05:30  INFO 14688 --- [loanEmiSchedular] [scheduling-1] c.t.l.service.impl.EmiServiceImpl        : EMI overdue schedular started
2026-04-01T22:01:30.005+05:30  INFO 14688 --- [loanEmiSchedular] [scheduling-1] c.t.l.service.impl.EmiServiceImpl        : Marked 0 EMIs as overdue
2026-04-01T22:02:00.002+05:30  INFO 14688 --- [loanEmiSchedular] [scheduling-1] c.t.l.service.impl.EmiServiceImpl        : EMI overdue schedular started
2026-04-01T22:02:00.007+05:30  INFO 14688 --- [loanEmiSchedular] [scheduling-1] c.t.l.service.impl.EmiServiceImpl        : Marked 0 EMIs as overdue
2026-04-01T22:02:30.016+05:30  INFO 14688 --- [loanEmiSchedular] [scheduling-1] c.t.l.service.impl.EmiServiceImpl        : EMI overdue schedular started
2026-04-01T22:02:30.019+05:30  INFO 14688 --- [loanEmiSchedular] [scheduling-1] c.t.l.service.impl.EmiServiceImpl        : Marked 0 EMIs as overdue
2026-04-01T22:02:31.598+05:30  INFO 14688 --- [loanEmiSchedular] [http-nio-8080-exec-5] c.t.l.service.impl.LoanServiceImpl       : Applying loan for user: daverahul6181@gmail.com
2026-04-01T22:02:31.632+05:30  INFO 14688 --- [loanEmiSchedular] [http-nio-8080-exec-5] c.t.l.service.impl.LoanServiceImpl       : Loan applied of user: daverahul6181@gmail.com
2026-04-01T22:03:00.008+05:30  INFO 14688 --- [loanEmiSchedular] [scheduling-1] c.t.l.service.impl.EmiServiceImpl        : EMI overdue schedular started
2026-04-01T22:03:00.010+05:30  INFO 14688 --- [loanEmiSchedular] [scheduling-1] c.t.l.service.impl.EmiServiceImpl        : Marked 0 EMIs as overdue
2026-04-01T22:03:02.233+05:30  WARN 14688 --- [loanEmiSchedular] [http-nio-8080-exec-9] .m.m.a.ExceptionHandlerExceptionResolver : Resolved [java.lang.RuntimeException: Loan not found]
2026-04-01T22:03:06.546+05:30  WARN 14688 --- [loanEmiSchedular] [http-nio-8080-exec-1] .m.m.a.ExceptionHandlerExceptionResolver : Resolved [java.lang.RuntimeException: No EMI schedule generated]
2026-04-01T22:03:23.173+05:30  WARN 14688 --- [loanEmiSchedular] [http-nio-8080-exec-6] .m.m.a.ExceptionHandlerExceptionResolver : Resolved [java.lang.RuntimeException: You can only pay EMIs of ACTIVE loan]
2026-04-01T22:03:30.010+05:30  INFO 14688 --- [loanEmiSchedular] [scheduling-1] c.t.l.service.impl.EmiServiceImpl        : EMI overdue schedular started
2026-04-01T22:03:30.013+05:30  INFO 14688 --- [loanEmiSchedular] [scheduling-1] c.t.l.service.impl.EmiServiceImpl        : Marked 0 EMIs as overdue
2026-04-01T22:03:43.038+05:30  WARN 14688 --- [loanEmiSchedular] [http-nio-8080-exec-7] .m.m.a.ExceptionHandlerExceptionResolver : Resolved [com.tss.loanEmiSchedular.exception.UserNotFoundException: User not found]
2026-04-01T22:04:00.007+05:30  INFO 14688 --- [loanEmiSchedular] [scheduling-1] c.t.l.service.impl.EmiServiceImpl        : EMI overdue schedular started
2026-04-01T22:04:00.011+05:30  INFO 14688 --- [loanEmiSchedular] [scheduling-1] c.t.l.service.impl.EmiServiceImpl        : Marked 0 EMIs as overdue
2026-04-01T22:04:30.010+05:30  INFO 14688 --- [loanEmiSchedular] [scheduling-1] c.t.l.service.impl.EmiServiceImpl        : EMI overdue schedular started
2026-04-01T22:04:30.013+05:30  INFO 14688 --- [loanEmiSchedular] [scheduling-1] c.t.l.service.impl.EmiServiceImpl        : Marked 0 EMIs as overdue
2026-04-01T22:04:30.363+05:30  WARN 14688 --- [loanEmiSchedular] [http-nio-8080-exec-10] .m.m.a.ExceptionHandlerExceptionResolver : Resolved [com.tss.loanEmiSchedular.exception.UserAlreadyExistsException: User already exists]
2026-04-01T22:04:37.867+05:30  WARN 14688 --- [loanEmiSchedular] [http-nio-8080-exec-9] .m.m.a.ExceptionHandlerExceptionResolver : Resolved [com.tss.loanEmiSchedular.exception.UserAlreadyExistsException: User already exists]
2026-04-01T22:05:00.005+05:30  INFO 14688 --- [loanEmiSchedular] [scheduling-1] c.t.l.service.impl.EmiServiceImpl        : EMI overdue schedular started
2026-04-01T22:05:00.008+05:30  INFO 14688 --- [loanEmiSchedular] [scheduling-1] c.t.l.service.impl.EmiServiceImpl        : Marked 0 EMIs as overdue
2026-04-01T22:05:30.016+05:30  INFO 14688 --- [loanEmiSchedular] [scheduling-1] c.t.l.service.impl.EmiServiceImpl        : EMI overdue schedular started
2026-04-01T22:05:30.018+05:30  INFO 14688 --- [loanEmiSchedular] [scheduling-1] c.t.l.service.impl.EmiServiceImpl        : Marked 0 EMIs as overdue
2026-04-01T22:06:00.017+05:30  INFO 14688 --- [loanEmiSchedular] [scheduling-1] c.t.l.service.impl.EmiServiceImpl        : EMI overdue schedular started
2026-04-01T22:06:00.020+05:30  INFO 14688 --- [loanEmiSchedular] [scheduling-1] c.t.l.service.impl.EmiServiceImpl        : Marked 0 EMIs as overdue
2026-04-01T22:06:30.009+05:30  INFO 14688 --- [loanEmiSchedular] [scheduling-1] c.t.l.service.impl.EmiServiceImpl        : EMI overdue schedular started
2026-04-01T22:06:30.014+05:30  INFO 14688 --- [loanEmiSchedular] [scheduling-1] c.t.l.service.impl.EmiServiceImpl        : Marked 0 EMIs as overdue
2026-04-01T22:07:00.014+05:30  INFO 14688 --- [loanEmiSchedular] [scheduling-1] c.t.l.service.impl.EmiServiceImpl        : EMI overdue schedular started
2026-04-01T22:07:00.019+05:30  INFO 14688 --- [loanEmiSchedular] [scheduling-1] c.t.l.service.impl.EmiServiceImpl        : Marked 0 EMIs as overdue
2026-04-01T22:07:30.015+05:30  INFO 14688 --- [loanEmiSchedular] [scheduling-1] c.t.l.service.impl.EmiServiceImpl        : EMI overdue schedular started
2026-04-01T22:07:30.018+05:30  INFO 14688 --- [loanEmiSchedular] [scheduling-1] c.t.l.service.impl.EmiServiceImpl        : Marked 0 EMIs as overdue
2026-04-01T22:08:00.014+05:30  INFO 14688 --- [loanEmiSchedular] [scheduling-1] c.t.l.service.impl.EmiServiceImpl        : EMI overdue schedular started
2026-04-01T22:08:00.017+05:30  INFO 14688 --- [loanEmiSchedular] [scheduling-1] c.t.l.service.impl.EmiServiceImpl        : Marked 0 EMIs as overdue
2026-04-01T22:08:30.010+05:30  INFO 14688 --- [loanEmiSchedular] [scheduling-1] c.t.l.service.impl.EmiServiceImpl        : EMI overdue schedular started
2026-04-01T22:08:30.013+05:30  INFO 14688 --- [loanEmiSchedular] [scheduling-1] c.t.l.service.impl.EmiServiceImpl        : Marked 0 EMIs as overdue
2026-04-01T22:09:00.012+05:30  INFO 14688 --- [loanEmiSchedular] [scheduling-1] c.t.l.service.impl.EmiServiceImpl        : EMI overdue schedular started
2026-04-01T22:09:00.036+05:30  INFO 14688 --- [loanEmiSchedular] [scheduling-1] c.t.l.service.impl.EmiServiceImpl        : Marked 1 EMIs as overdue
2026-04-01T22:09:30.008+05:30  INFO 14688 --- [loanEmiSchedular] [scheduling-1] c.t.l.service.impl.EmiServiceImpl        : EMI overdue schedular started
2026-04-01T22:09:30.010+05:30  INFO 14688 --- [loanEmiSchedular] [scheduling-1] c.t.l.service.impl.EmiServiceImpl        : Marked 0 EMIs as overdue
2026-04-01T22:10:00.015+05:30  INFO 14688 --- [loanEmiSchedular] [scheduling-1] c.t.l.service.impl.EmiServiceImpl        : EMI overdue schedular started
2026-04-01T22:10:00.019+05:30  INFO 14688 --- [loanEmiSchedular] [scheduling-1] c.t.l.service.impl.EmiServiceImpl        : Marked 0 EMIs as overdue
2026-04-01T22:10:30.012+05:30  INFO 14688 --- [loanEmiSchedular] [scheduling-1] c.t.l.service.impl.EmiServiceImpl        : EMI overdue schedular started
2026-04-01T22:10:30.016+05:30  INFO 14688 --- [loanEmiSchedular] [scheduling-1] c.t.l.service.impl.EmiServiceImpl        : Marked 0 EMIs as overdue
2026-04-01T22:11:00.015+05:30  INFO 14688 --- [loanEmiSchedular] [scheduling-1] c.t.l.service.impl.EmiServiceImpl        : EMI overdue schedular started
2026-04-01T22:11:00.018+05:30  INFO 14688 --- [loanEmiSchedular] [scheduling-1] c.t.l.service.impl.EmiServiceImpl        : Marked 0 EMIs as overdue
2026-04-01T22:11:30.009+05:30  INFO 14688 --- [loanEmiSchedular] [scheduling-1] c.t.l.service.impl.EmiServiceImpl        : EMI overdue schedular started
2026-04-01T22:11:30.014+05:30  INFO 14688 --- [loanEmiSchedular] [scheduling-1] c.t.l.service.impl.EmiServiceImpl        : Marked 0 EMIs as overdue
2026-04-01T22:12:00.011+05:30  INFO 14688 --- [loanEmiSchedular] [scheduling-1] c.t.l.service.impl.EmiServiceImpl        : EMI overdue schedular started
2026-04-01T22:12:00.016+05:30  INFO 14688 --- [loanEmiSchedular] [scheduling-1] c.t.l.service.impl.EmiServiceImpl        : Marked 0 EMIs as overdue
2026-04-01T22:12:30.015+05:30  INFO 14688 --- [loanEmiSchedular] [scheduling-1] c.t.l.service.impl.EmiServiceImpl        : EMI overdue schedular started
2026-04-01T22:12:30.017+05:30  INFO 14688 --- [loanEmiSchedular] [scheduling-1] c.t.l.service.impl.EmiServiceImpl        : Marked 0 EMIs as overdue
2026-04-01T22:13:00.006+05:30  INFO 14688 --- [loanEmiSchedular] [scheduling-1] c.t.l.service.impl.EmiServiceImpl        : EMI overdue schedular started
2026-04-01T22:13:00.011+05:30  INFO 14688 --- [loanEmiSchedular] [scheduling-1] c.t.l.service.impl.EmiServiceImpl        : Marked 0 EMIs as overdue
2026-04-01T22:13:30.010+05:30  INFO 14688 --- [loanEmiSchedular] [scheduling-1] c.t.l.service.impl.EmiServiceImpl        : EMI overdue schedular started
2026-04-01T22:13:30.014+05:30  INFO 14688 --- [loanEmiSchedular] [scheduling-1] c.t.l.service.impl.EmiServiceImpl        : Marked 0 EMIs as overdue
2026-04-01T22:14:00.017+05:30  INFO 14688 --- [loanEmiSchedular] [scheduling-1] c.t.l.service.impl.EmiServiceImpl        : EMI overdue schedular started
2026-04-01T22:14:00.021+05:30  INFO 14688 --- [loanEmiSchedular] [scheduling-1] c.t.l.service.impl.EmiServiceImpl        : Marked 0 EMIs as overdue
2026-04-01T22:14:30.003+05:30  INFO 14688 --- [loanEmiSchedular] [scheduling-1] c.t.l.service.impl.EmiServiceImpl        : EMI overdue schedular started
2026-04-01T22:14:30.006+05:30  INFO 14688 --- [loanEmiSchedular] [scheduling-1] c.t.l.service.impl.EmiServiceImpl        : Marked 0 EMIs as overdue
2026-04-01T22:14:30.845+05:30  INFO 14688 --- [loanEmiSchedular] [SpringApplicationShutdownHook] o.s.boot.tomcat.GracefulShutdown         : Commencing graceful shutdown. Waiting for active requests to complete
2026-04-01T22:14:30.900+05:30  INFO 14688 --- [loanEmiSchedular] [tomcat-shutdown] o.s.boot.tomcat.GracefulShutdown         : Graceful shutdown complete
2026-04-01T22:14:30.929+05:30  INFO 14688 --- [loanEmiSchedular] [SpringApplicationShutdownHook] j.LocalContainerEntityManagerFactoryBean : Closing JPA EntityManagerFactory for persistence unit 'default'
2026-04-01T22:14:30.977+05:30  INFO 14688 --- [loanEmiSchedular] [SpringApplicationShutdownHook] com.zaxxer.hikari.HikariDataSource       : HikariPool-1 - Shutdown initiated...
2026-04-01T22:14:30.988+05:30  INFO 14688 --- [loanEmiSchedular] [SpringApplicationShutdownHook] com.zaxxer.hikari.HikariDataSource       : HikariPool-1 - Shutdown completed.
2026-04-01T22:14:53.438+05:30  INFO 18536 --- [loanEmiSchedular] [restartedMain] c.t.l.LoanEmiSchedularApplication        : Starting LoanEmiSchedularApplication using Java 18.0.2.1 with PID 18536 (C:\Users\Rahul.Dave\Desktop\loanEmiSchedular\target\classes started by Rahul.Dave in C:\Users\Rahul.Dave\Desktop\loanEmiSchedular)
2026-04-01T22:14:53.441+05:30 DEBUG 18536 --- [loanEmiSchedular] [restartedMain] c.t.l.LoanEmiSchedularApplication        : Running with Spring Boot v4.0.4, Spring v7.0.6
2026-04-01T22:14:53.442+05:30  INFO 18536 --- [loanEmiSchedular] [restartedMain] c.t.l.LoanEmiSchedularApplication        : No active profile set, falling back to 1 default profile: "default"
2026-04-01T22:14:53.497+05:30  INFO 18536 --- [loanEmiSchedular] [restartedMain] .e.DevToolsPropertyDefaultsPostProcessor : Devtools property defaults active! Set 'spring.devtools.add-properties' to 'false' to disable
2026-04-01T22:14:53.498+05:30  INFO 18536 --- [loanEmiSchedular] [restartedMain] .e.DevToolsPropertyDefaultsPostProcessor : For additional web related logging consider setting the 'logging.level.web' property to 'DEBUG'
2026-04-01T22:14:54.243+05:30  INFO 18536 --- [loanEmiSchedular] [restartedMain] .s.d.r.c.RepositoryConfigurationDelegate : Bootstrapping Spring Data JPA repositories in DEFAULT mode.
2026-04-01T22:14:54.315+05:30  INFO 18536 --- [loanEmiSchedular] [restartedMain] .s.d.r.c.RepositoryConfigurationDelegate : Finished Spring Data repository scanning in 62 ms. Found 7 JPA repository interfaces.
2026-04-01T22:14:55.142+05:30  INFO 18536 --- [loanEmiSchedular] [restartedMain] o.s.boot.tomcat.TomcatWebServer          : Tomcat initialized with port 8080 (http)
2026-04-01T22:14:55.153+05:30  INFO 18536 --- [loanEmiSchedular] [restartedMain] o.apache.catalina.core.StandardService   : Starting service [Tomcat]
2026-04-01T22:14:55.153+05:30  INFO 18536 --- [loanEmiSchedular] [restartedMain] o.apache.catalina.core.StandardEngine    : Starting Servlet engine: [Apache Tomcat/11.0.18]
2026-04-01T22:14:55.193+05:30  INFO 18536 --- [loanEmiSchedular] [restartedMain] b.w.c.s.WebApplicationContextInitializer : Root WebApplicationContext: initialization completed in 1694 ms
2026-04-01T22:14:55.317+05:30  INFO 18536 --- [loanEmiSchedular] [restartedMain] org.hibernate.orm.jpa                    : HHH008540: Processing PersistenceUnitInfo [name: default]
2026-04-01T22:14:55.372+05:30  INFO 18536 --- [loanEmiSchedular] [restartedMain] org.hibernate.orm.core                   : HHH000001: Hibernate ORM core version 7.2.7.Final
2026-04-01T22:14:55.756+05:30  INFO 18536 --- [loanEmiSchedular] [restartedMain] o.s.o.j.p.SpringPersistenceUnitInfo      : No LoadTimeWeaver setup: ignoring JPA class transformer
2026-04-01T22:14:55.785+05:30  INFO 18536 --- [loanEmiSchedular] [restartedMain] com.zaxxer.hikari.HikariDataSource       : HikariPool-1 - Starting...
2026-04-01T22:14:55.967+05:30  INFO 18536 --- [loanEmiSchedular] [restartedMain] com.zaxxer.hikari.pool.HikariPool        : HikariPool-1 - Added connection org.postgresql.jdbc.PgConnection@62b92124
2026-04-01T22:14:55.968+05:30  INFO 18536 --- [loanEmiSchedular] [restartedMain] com.zaxxer.hikari.HikariDataSource       : HikariPool-1 - Start completed.
2026-04-01T22:14:56.038+05:30  INFO 18536 --- [loanEmiSchedular] [restartedMain] org.hibernate.orm.connections.pooling    : HHH10001005: Database info:
	Database JDBC URL [jdbc:postgresql://localhost:5432/loanEmiSchedular]
	Database driver: PostgreSQL JDBC Driver
	Database dialect: PostgreSQLDialect
	Database version: 18.3
	Default catalog/schema: loanEmiSchedular/public
	Autocommit mode: undefined/unknown
	Isolation level: READ_COMMITTED [default READ_COMMITTED]
	JDBC fetch size: none
	Pool: DataSourceConnectionProvider
	Minimum pool size: undefined/unknown
	Maximum pool size: undefined/unknown
2026-04-01T22:14:57.086+05:30  INFO 18536 --- [loanEmiSchedular] [restartedMain] org.hibernate.orm.core                   : HHH000489: No JTA platform available (set 'hibernate.transaction.jta.platform' to enable JTA platform integration)
2026-04-01T22:14:57.166+05:30  INFO 18536 --- [loanEmiSchedular] [restartedMain] j.LocalContainerEntityManagerFactoryBean : Initialized JPA EntityManagerFactory for persistence unit 'default'
2026-04-01T22:14:57.225+05:30  INFO 18536 --- [loanEmiSchedular] [restartedMain] o.s.d.j.r.query.QueryEnhancerFactories   : Hibernate is in classpath; If applicable, HQL parser will be used.
2026-04-01T22:14:57.406+05:30 DEBUG 18536 --- [loanEmiSchedular] [restartedMain] c.t.l.security.JwtAuthFilter             : Filter 'jwtAuthFilter' configured for use
2026-04-01T22:14:57.960+05:30  WARN 18536 --- [loanEmiSchedular] [restartedMain] ConfigServletWebServerApplicationContext : Exception encountered during context initialization - cancelling refresh attempt: org.springframework.beans.factory.UnsatisfiedDependencyException: Error creating bean with name 'borrowerController' defined in file [C:\Users\Rahul.Dave\Desktop\loanEmiSchedular\target\classes\com\tss\loanEmiSchedular\controller\BorrowerController.class]: Unsatisfied dependency expressed through constructor parameter 1: Error creating bean with name 'borrowerServiceImpl' defined in file [C:\Users\Rahul.Dave\Desktop\loanEmiSchedular\target\classes\com\tss\loanEmiSchedular\service\impl\BorrowerServiceImpl.class]: Unsatisfied dependency expressed through constructor parameter 1: Error creating bean with name 'emiRepository' defined in com.tss.loanEmiSchedular.repository.EmiRepository defined in @EnableJpaRepositories declared on DataJpaRepositoriesRegistrar.EnableJpaRepositoriesConfiguration: Query validation failed for 'SELECT e FROM Emi e WHERE e.emiStatus = 'PENDING' AND e.dueDate <= CURRENT_DATE() + 3'
2026-04-01T22:14:57.961+05:30  INFO 18536 --- [loanEmiSchedular] [restartedMain] j.LocalContainerEntityManagerFactoryBean : Closing JPA EntityManagerFactory for persistence unit 'default'
2026-04-01T22:14:57.965+05:30  INFO 18536 --- [loanEmiSchedular] [restartedMain] com.zaxxer.hikari.HikariDataSource       : HikariPool-1 - Shutdown initiated...
2026-04-01T22:14:57.968+05:30  INFO 18536 --- [loanEmiSchedular] [restartedMain] com.zaxxer.hikari.HikariDataSource       : HikariPool-1 - Shutdown completed.
2026-04-01T22:14:57.978+05:30  INFO 18536 --- [loanEmiSchedular] [restartedMain] o.apache.catalina.core.StandardService   : Stopping service [Tomcat]
2026-04-01T22:14:57.987+05:30  INFO 18536 --- [loanEmiSchedular] [restartedMain] .s.b.a.l.ConditionEvaluationReportLogger : 

Error starting ApplicationContext. To display the condition evaluation report re-run your application with 'debug' enabled.
2026-04-01T22:14:58.001+05:30 ERROR 18536 --- [loanEmiSchedular] [restartedMain] o.s.boot.SpringApplication               : Application run failed

org.springframework.beans.factory.UnsatisfiedDependencyException: Error creating bean with name 'borrowerController' defined in file [C:\Users\Rahul.Dave\Desktop\loanEmiSchedular\target\classes\com\tss\loanEmiSchedular\controller\BorrowerController.class]: Unsatisfied dependency expressed through constructor parameter 1: Error creating bean with name 'borrowerServiceImpl' defined in file [C:\Users\Rahul.Dave\Desktop\loanEmiSchedular\target\classes\com\tss\loanEmiSchedular\service\impl\BorrowerServiceImpl.class]: Unsatisfied dependency expressed through constructor parameter 1: Error creating bean with name 'emiRepository' defined in com.tss.loanEmiSchedular.repository.EmiRepository defined in @EnableJpaRepositories declared on DataJpaRepositoriesRegistrar.EnableJpaRepositoriesConfiguration: Query validation failed for 'SELECT e FROM Emi e WHERE e.emiStatus = 'PENDING' AND e.dueDate <= CURRENT_DATE() + 3'
	at org.springframework.beans.factory.support.ConstructorResolver.createArgumentArray(ConstructorResolver.java:804) ~[spring-beans-7.0.6.jar:7.0.6]
	at org.springframework.beans.factory.support.ConstructorResolver.autowireConstructor(ConstructorResolver.java:240) ~[spring-beans-7.0.6.jar:7.0.6]
	at org.springframework.beans.factory.support.AbstractAutowireCapableBeanFactory.autowireConstructor(AbstractAutowireCapableBeanFactory.java:1382) ~[spring-beans-7.0.6.jar:7.0.6]
	at org.springframework.beans.factory.support.AbstractAutowireCapableBeanFactory.createBeanInstance(AbstractAutowireCapableBeanFactory.java:1221) ~[spring-beans-7.0.6.jar:7.0.6]
	at org.springframework.beans.factory.support.AbstractAutowireCapableBeanFactory.doCreateBean(AbstractAutowireCapableBeanFactory.java:565) ~[spring-beans-7.0.6.jar:7.0.6]
	at org.springframework.beans.factory.support.AbstractAutowireCapableBeanFactory.createBean(AbstractAutowireCapableBeanFactory.java:525) ~[spring-beans-7.0.6.jar:7.0.6]
	at org.springframework.beans.factory.support.AbstractBeanFactory.lambda$doGetBean$0(AbstractBeanFactory.java:333) ~[spring-beans-7.0.6.jar:7.0.6]
	at org.springframework.beans.factory.support.DefaultSingletonBeanRegistry.getSingleton(DefaultSingletonBeanRegistry.java:371) ~[spring-beans-7.0.6.jar:7.0.6]
	at org.springframework.beans.factory.support.AbstractBeanFactory.doGetBean(AbstractBeanFactory.java:331) ~[spring-beans-7.0.6.jar:7.0.6]
	at org.springframework.beans.factory.support.AbstractBeanFactory.getBean(AbstractBeanFactory.java:196) ~[spring-beans-7.0.6.jar:7.0.6]
	at org.springframework.beans.factory.support.DefaultListableBeanFactory.instantiateSingleton(DefaultListableBeanFactory.java:1218) ~[spring-beans-7.0.6.jar:7.0.6]
	at org.springframework.beans.factory.support.DefaultListableBeanFactory.preInstantiateSingleton(DefaultListableBeanFactory.java:1184) ~[spring-beans-7.0.6.jar:7.0.6]
	at org.springframework.beans.factory.support.DefaultListableBeanFactory.preInstantiateSingletons(DefaultListableBeanFactory.java:1121) ~[spring-beans-7.0.6.jar:7.0.6]
	at org.springframework.context.support.AbstractApplicationContext.finishBeanFactoryInitialization(AbstractApplicationContext.java:994) ~[spring-context-7.0.6.jar:7.0.6]
	at org.springframework.context.support.AbstractApplicationContext.refresh(AbstractApplicationContext.java:621) ~[spring-context-7.0.6.jar:7.0.6]
	at org.springframework.boot.web.server.servlet.context.ServletWebServerApplicationContext.refresh(ServletWebServerApplicationContext.java:143) ~[spring-boot-web-server-4.0.4.jar:4.0.4]
	at org.springframework.boot.SpringApplication.refresh(SpringApplication.java:756) ~[spring-boot-4.0.4.jar:4.0.4]
	at org.springframework.boot.SpringApplication.refreshContext(SpringApplication.java:445) ~[spring-boot-4.0.4.jar:4.0.4]
	at org.springframework.boot.SpringApplication.run(SpringApplication.java:321) ~[spring-boot-4.0.4.jar:4.0.4]
	at org.springframework.boot.SpringApplication.run(SpringApplication.java:1365) ~[spring-boot-4.0.4.jar:4.0.4]
	at org.springframework.boot.SpringApplication.run(SpringApplication.java:1354) ~[spring-boot-4.0.4.jar:4.0.4]
	at com.tss.loanEmiSchedular.LoanEmiSchedularApplication.main(LoanEmiSchedularApplication.java:16) ~[classes/:na]
	at java.base/jdk.internal.reflect.DirectMethodHandleAccessor.invoke(DirectMethodHandleAccessor.java:104) ~[na:na]
	at java.base/java.lang.reflect.Method.invoke(Method.java:577) ~[na:na]
	at org.springframework.boot.devtools.restart.RestartLauncher.run(RestartLauncher.java:52) ~[spring-boot-devtools-4.0.4.jar:4.0.4]
Caused by: org.springframework.beans.factory.UnsatisfiedDependencyException: Error creating bean with name 'borrowerServiceImpl' defined in file [C:\Users\Rahul.Dave\Desktop\loanEmiSchedular\target\classes\com\tss\loanEmiSchedular\service\impl\BorrowerServiceImpl.class]: Unsatisfied dependency expressed through constructor parameter 1: Error creating bean with name 'emiRepository' defined in com.tss.loanEmiSchedular.repository.EmiRepository defined in @EnableJpaRepositories declared on DataJpaRepositoriesRegistrar.EnableJpaRepositoriesConfiguration: Query validation failed for 'SELECT e FROM Emi e WHERE e.emiStatus = 'PENDING' AND e.dueDate <= CURRENT_DATE() + 3'
	at org.springframework.beans.factory.support.ConstructorResolver.createArgumentArray(ConstructorResolver.java:804) ~[spring-beans-7.0.6.jar:7.0.6]
	at org.springframework.beans.factory.support.ConstructorResolver.autowireConstructor(ConstructorResolver.java:240) ~[spring-beans-7.0.6.jar:7.0.6]
	at org.springframework.beans.factory.support.AbstractAutowireCapableBeanFactory.autowireConstructor(AbstractAutowireCapableBeanFactory.java:1382) ~[spring-beans-7.0.6.jar:7.0.6]
	at org.springframework.beans.factory.support.AbstractAutowireCapableBeanFactory.createBeanInstance(AbstractAutowireCapableBeanFactory.java:1221) ~[spring-beans-7.0.6.jar:7.0.6]
	at org.springframework.beans.factory.support.AbstractAutowireCapableBeanFactory.doCreateBean(AbstractAutowireCapableBeanFactory.java:565) ~[spring-beans-7.0.6.jar:7.0.6]
	at org.springframework.beans.factory.support.AbstractAutowireCapableBeanFactory.createBean(AbstractAutowireCapableBeanFactory.java:525) ~[spring-beans-7.0.6.jar:7.0.6]
	at org.springframework.beans.factory.support.AbstractBeanFactory.lambda$doGetBean$0(AbstractBeanFactory.java:333) ~[spring-beans-7.0.6.jar:7.0.6]
	at org.springframework.beans.factory.support.DefaultSingletonBeanRegistry.getSingleton(DefaultSingletonBeanRegistry.java:371) ~[spring-beans-7.0.6.jar:7.0.6]
	at org.springframework.beans.factory.support.AbstractBeanFactory.doGetBean(AbstractBeanFactory.java:331) ~[spring-beans-7.0.6.jar:7.0.6]
	at org.springframework.beans.factory.support.AbstractBeanFactory.getBean(AbstractBeanFactory.java:201) ~[spring-beans-7.0.6.jar:7.0.6]
	at org.springframework.beans.factory.config.DependencyDescriptor.resolveCandidate(DependencyDescriptor.java:229) ~[spring-beans-7.0.6.jar:7.0.6]
	at org.springframework.beans.factory.support.DefaultListableBeanFactory.doResolveDependency(DefaultListableBeanFactory.java:1762) ~[spring-beans-7.0.6.jar:7.0.6]
	at org.springframework.beans.factory.support.DefaultListableBeanFactory.resolveDependency(DefaultListableBeanFactory.java:1651) ~[spring-beans-7.0.6.jar:7.0.6]
	at org.springframework.beans.factory.support.ConstructorResolver.resolveAutowiredArgument(ConstructorResolver.java:912) ~[spring-beans-7.0.6.jar:7.0.6]
	at org.springframework.beans.factory.support.ConstructorResolver.createArgumentArray(ConstructorResolver.java:791) ~[spring-beans-7.0.6.jar:7.0.6]
	... 24 common frames omitted
Caused by: org.springframework.beans.factory.BeanCreationException: Error creating bean with name 'emiRepository' defined in com.tss.loanEmiSchedular.repository.EmiRepository defined in @EnableJpaRepositories declared on DataJpaRepositoriesRegistrar.EnableJpaRepositoriesConfiguration: Query validation failed for 'SELECT e FROM Emi e WHERE e.emiStatus = 'PENDING' AND e.dueDate <= CURRENT_DATE() + 3'
	at org.springframework.beans.factory.support.AbstractAutowireCapableBeanFactory.initializeBean(AbstractAutowireCapableBeanFactory.java:1817) ~[spring-beans-7.0.6.jar:7.0.6]
	at org.springframework.beans.factory.support.AbstractAutowireCapableBeanFactory.doCreateBean(AbstractAutowireCapableBeanFactory.java:603) ~[spring-beans-7.0.6.jar:7.0.6]
	at org.springframework.beans.factory.support.AbstractAutowireCapableBeanFactory.createBean(AbstractAutowireCapableBeanFactory.java:525) ~[spring-beans-7.0.6.jar:7.0.6]
	at org.springframework.beans.factory.support.AbstractBeanFactory.lambda$doGetBean$0(AbstractBeanFactory.java:333) ~[spring-beans-7.0.6.jar:7.0.6]
	at org.springframework.beans.factory.support.DefaultSingletonBeanRegistry.getSingleton(DefaultSingletonBeanRegistry.java:371) ~[spring-beans-7.0.6.jar:7.0.6]
	at org.springframework.beans.factory.support.AbstractBeanFactory.doGetBean(AbstractBeanFactory.java:331) ~[spring-beans-7.0.6.jar:7.0.6]
	at org.springframework.beans.factory.support.AbstractBeanFactory.getBean(AbstractBeanFactory.java:201) ~[spring-beans-7.0.6.jar:7.0.6]
	at org.springframework.beans.factory.support.DefaultListableBeanFactory.resolveBean(DefaultListableBeanFactory.java:1225) ~[spring-beans-7.0.6.jar:7.0.6]
	at org.springframework.beans.factory.support.DefaultListableBeanFactory.doResolveDependency(DefaultListableBeanFactory.java:1704) ~[spring-beans-7.0.6.jar:7.0.6]
	at org.springframework.beans.factory.support.DefaultListableBeanFactory.resolveDependency(DefaultListableBeanFactory.java:1651) ~[spring-beans-7.0.6.jar:7.0.6]
	at org.springframework.beans.factory.support.ConstructorResolver.resolveAutowiredArgument(ConstructorResolver.java:912) ~[spring-beans-7.0.6.jar:7.0.6]
	at org.springframework.beans.factory.support.ConstructorResolver.createArgumentArray(ConstructorResolver.java:791) ~[spring-beans-7.0.6.jar:7.0.6]
	... 38 common frames omitted
Caused by: org.springframework.data.repository.query.QueryCreationException: Cannot create query for method [EmiRepository.findAllPendingEmisForPaymentReminder()]; Query validation failed for 'SELECT e FROM Emi e WHERE e.emiStatus = 'PENDING' AND e.dueDate <= CURRENT_DATE() + 3'
	at org.springframework.data.repository.query.QueryCreationException.create(QueryCreationException.java:139) ~[spring-data-commons-4.0.4.jar:4.0.4]
	at org.springframework.data.repository.query.QueryCreationException.create(QueryCreationException.java:124) ~[spring-data-commons-4.0.4.jar:4.0.4]
	at org.springframework.data.jpa.repository.query.SimpleJpaQuery.validateQuery(SimpleJpaQuery.java:78) ~[spring-data-jpa-4.0.4.jar:4.0.4]
	at org.springframework.data.jpa.repository.query.SimpleJpaQuery.<init>(SimpleJpaQuery.java:52) ~[spring-data-jpa-4.0.4.jar:4.0.4]
	at org.springframework.data.jpa.repository.query.JpaQueryLookupStrategy$DeclaredQueryLookupStrategy.createStringQuery(JpaQueryLookupStrategy.java:228) ~[spring-data-jpa-4.0.4.jar:4.0.4]
	at org.springframework.data.jpa.repository.query.JpaQueryLookupStrategy$DeclaredQueryLookupStrategy.resolveQuery(JpaQueryLookupStrategy.java:160) ~[spring-data-jpa-4.0.4.jar:4.0.4]
	at org.springframework.data.jpa.repository.query.JpaQueryLookupStrategy$CreateIfNotFoundQueryLookupStrategy.resolveQuery(JpaQueryLookupStrategy.java:285) ~[spring-data-jpa-4.0.4.jar:4.0.4]
	at org.springframework.data.jpa.repository.query.JpaQueryLookupStrategy$AbstractQueryLookupStrategy.resolveQuery(JpaQueryLookupStrategy.java:93) ~[spring-data-jpa-4.0.4.jar:4.0.4]
	at org.springframework.data.repository.core.support.QueryExecutorMethodInterceptor.lookupQuery(QueryExecutorMethodInterceptor.java:114) ~[spring-data-commons-4.0.4.jar:4.0.4]
	at org.springframework.data.repository.core.support.QueryExecutorMethodInterceptor.mapMethodsToQuery(QueryExecutorMethodInterceptor.java:102) ~[spring-data-commons-4.0.4.jar:4.0.4]
	at org.springframework.data.repository.core.support.QueryExecutorMethodInterceptor.<init>(QueryExecutorMethodInterceptor.java:90) ~[spring-data-commons-4.0.4.jar:4.0.4]
	at org.springframework.data.repository.core.support.RepositoryFactorySupport.getRepository(RepositoryFactorySupport.java:413) ~[spring-data-commons-4.0.4.jar:4.0.4]
	at org.springframework.data.repository.core.support.RepositoryFactoryBeanSupport.lambda$afterPropertiesSet$1(RepositoryFactoryBeanSupport.java:361) ~[spring-data-commons-4.0.4.jar:4.0.4]
	at org.springframework.data.util.Lazy.getNullable(Lazy.java:136) ~[spring-data-commons-4.0.4.jar:4.0.4]
	at org.springframework.data.util.Lazy.get(Lazy.java:114) ~[spring-data-commons-4.0.4.jar:4.0.4]
	at org.springframework.data.repository.core.support.RepositoryFactoryBeanSupport.afterPropertiesSet(RepositoryFactoryBeanSupport.java:370) ~[spring-data-commons-4.0.4.jar:4.0.4]
	at org.springframework.data.jpa.repository.support.JpaRepositoryFactoryBean.afterPropertiesSet(JpaRepositoryFactoryBean.java:212) ~[spring-data-jpa-4.0.4.jar:4.0.4]
	at org.springframework.beans.factory.support.AbstractAutowireCapableBeanFactory.invokeInitMethods(AbstractAutowireCapableBeanFactory.java:1864) ~[spring-beans-7.0.6.jar:7.0.6]
	at org.springframework.beans.factory.support.AbstractAutowireCapableBeanFactory.initializeBean(AbstractAutowireCapableBeanFactory.java:1813) ~[spring-beans-7.0.6.jar:7.0.6]
	... 49 common frames omitted
Caused by: java.lang.IllegalArgumentException: org.hibernate.query.SemanticException: Operand of + is of type 'java.lang.Integer' which is not a temporal amount (it is not an instance of 'java.time.TemporalAmount')
	at org.hibernate.internal.ExceptionConverterImpl.convert(ExceptionConverterImpl.java:129) ~[hibernate-core-7.2.7.Final.jar:7.2.7.Final]
	at org.hibernate.internal.ExceptionConverterImpl.convert(ExceptionConverterImpl.java:168) ~[hibernate-core-7.2.7.Final.jar:7.2.7.Final]
	at org.hibernate.internal.ExceptionConverterImpl.convert(ExceptionConverterImpl.java:174) ~[hibernate-core-7.2.7.Final.jar:7.2.7.Final]
	at org.hibernate.internal.AbstractSharedSessionContract.createQuery(AbstractSharedSessionContract.java:1010) ~[hibernate-core-7.2.7.Final.jar:7.2.7.Final]
	at org.hibernate.internal.SessionImpl.createQuery(SessionImpl.java:155) ~[hibernate-core-7.2.7.Final.jar:7.2.7.Final]
	at org.hibernate.internal.AbstractSharedSessionContract.createQuery(AbstractSharedSessionContract.java:919) ~[hibernate-core-7.2.7.Final.jar:7.2.7.Final]
	at org.hibernate.internal.SessionImpl.createQuery(SessionImpl.java:155) ~[hibernate-core-7.2.7.Final.jar:7.2.7.Final]
	at org.hibernate.internal.AbstractSharedSessionContract.createQuery(AbstractSharedSessionContract.java:142) ~[hibernate-core-7.2.7.Final.jar:7.2.7.Final]
	at java.base/jdk.internal.reflect.DirectMethodHandleAccessor.invoke(DirectMethodHandleAccessor.java:104) ~[na:na]
	at java.base/java.lang.reflect.Method.invoke(Method.java:577) ~[na:na]
	at org.springframework.orm.jpa.ExtendedEntityManagerCreator$ExtendedEntityManagerInvocationHandler.invoke(ExtendedEntityManagerCreator.java:362) ~[spring-orm-7.0.6.jar:7.0.6]
	at jdk.proxy4/jdk.proxy4.$Proxy145.createQuery(Unknown Source) ~[na:na]
	at org.springframework.data.jpa.repository.query.SimpleJpaQuery.validateQuery(SimpleJpaQuery.java:73) ~[spring-data-jpa-4.0.4.jar:4.0.4]
	... 65 common frames omitted
Caused by: org.hibernate.query.SemanticException: Operand of + is of type 'java.lang.Integer' which is not a temporal amount (it is not an instance of 'java.time.TemporalAmount')
	at org.hibernate.query.sqm.internal.TypecheckUtil.assertOperable(TypecheckUtil.java:561) ~[hibernate-core-7.2.7.Final.jar:7.2.7.Final]
	at org.hibernate.query.hql.internal.SemanticQueryBuilder.visitAdditionExpression(SemanticQueryBuilder.java:3656) ~[hibernate-core-7.2.7.Final.jar:7.2.7.Final]
	at org.hibernate.grammars.hql.HqlParser$AdditionExpressionContext.accept(HqlParser.java:7252) ~[hibernate-core-7.2.7.Final.jar:7.2.7.Final]
	at org.hibernate.query.hql.internal.SemanticQueryBuilder.createComparisonPredicate(SemanticQueryBuilder.java:2557) ~[hibernate-core-7.2.7.Final.jar:7.2.7.Final]
	at org.hibernate.query.hql.internal.SemanticQueryBuilder.visitBinaryExpressionPredicate(SemanticQueryBuilder.java:2515) ~[hibernate-core-7.2.7.Final.jar:7.2.7.Final]
	at org.hibernate.query.hql.internal.SemanticQueryBuilder.visitBinaryExpressionPredicate(SemanticQueryBuilder.java:246) ~[hibernate-core-7.2.7.Final.jar:7.2.7.Final]
	at org.hibernate.grammars.hql.HqlParser$BinaryExpressionPredicateContext.accept(HqlParser.java:6218) ~[hibernate-core-7.2.7.Final.jar:7.2.7.Final]
	at org.hibernate.query.hql.internal.SemanticQueryBuilder.visitAndPredicate(SemanticQueryBuilder.java:2353) ~[hibernate-core-7.2.7.Final.jar:7.2.7.Final]
	at org.hibernate.query.hql.internal.SemanticQueryBuilder.visitAndPredicate(SemanticQueryBuilder.java:246) ~[hibernate-core-7.2.7.Final.jar:7.2.7.Final]
	at org.hibernate.grammars.hql.HqlParser$AndPredicateContext.accept(HqlParser.java:6315) ~[hibernate-core-7.2.7.Final.jar:7.2.7.Final]
	at org.hibernate.query.hql.internal.SemanticQueryBuilder.visitWhereClause(SemanticQueryBuilder.java:2336) ~[hibernate-core-7.2.7.Final.jar:7.2.7.Final]
	at org.hibernate.query.hql.internal.SemanticQueryBuilder.visitWhereClause(SemanticQueryBuilder.java:246) ~[hibernate-core-7.2.7.Final.jar:7.2.7.Final]
	at org.hibernate.grammars.hql.HqlParser$WhereClauseContext.accept(HqlParser.java:6146) ~[hibernate-core-7.2.7.Final.jar:7.2.7.Final]
	at org.hibernate.query.hql.internal.SemanticQueryBuilder.visitQuery(SemanticQueryBuilder.java:1162) ~[hibernate-core-7.2.7.Final.jar:7.2.7.Final]
	at org.hibernate.query.hql.internal.SemanticQueryBuilder.visitQuerySpecExpression(SemanticQueryBuilder.java:955) ~[hibernate-core-7.2.7.Final.jar:7.2.7.Final]
	at org.hibernate.query.hql.internal.SemanticQueryBuilder.visitQuerySpecExpression(SemanticQueryBuilder.java:246) ~[hibernate-core-7.2.7.Final.jar:7.2.7.Final]
	at org.hibernate.grammars.hql.HqlParser$QuerySpecExpressionContext.accept(HqlParser.java:2113) ~[hibernate-core-7.2.7.Final.jar:7.2.7.Final]
	at org.hibernate.query.hql.internal.SemanticQueryBuilder.visitQueryExpression(SemanticQueryBuilder.java:984) ~[hibernate-core-7.2.7.Final.jar:7.2.7.Final]
	at org.hibernate.query.hql.internal.SemanticQueryBuilder.visitQueryExpression(SemanticQueryBuilder.java:246) ~[hibernate-core-7.2.7.Final.jar:7.2.7.Final]
	at org.hibernate.grammars.hql.HqlParser$QueryExpressionContext.accept(HqlParser.java:2003) ~[hibernate-core-7.2.7.Final.jar:7.2.7.Final]
	at org.hibernate.query.hql.internal.SemanticQueryBuilder.visitSelectStatement(SemanticQueryBuilder.java:471) ~[hibernate-core-7.2.7.Final.jar:7.2.7.Final]
	at org.hibernate.query.hql.internal.SemanticQueryBuilder.visitStatement(SemanticQueryBuilder.java:430) ~[hibernate-core-7.2.7.Final.jar:7.2.7.Final]
	at org.hibernate.query.hql.internal.SemanticQueryBuilder.buildSemanticModel(SemanticQueryBuilder.java:291) ~[hibernate-core-7.2.7.Final.jar:7.2.7.Final]
	at org.hibernate.query.hql.internal.StandardHqlTranslator.translate(StandardHqlTranslator.java:64) ~[hibernate-core-7.2.7.Final.jar:7.2.7.Final]
	at org.hibernate.query.internal.QueryInterpretationCacheStandardImpl.createHqlInterpretation(QueryInterpretationCacheStandardImpl.java:165) ~[hibernate-core-7.2.7.Final.jar:7.2.7.Final]
	at org.hibernate.query.internal.QueryInterpretationCacheStandardImpl.resolveHqlInterpretation(QueryInterpretationCacheStandardImpl.java:147) ~[hibernate-core-7.2.7.Final.jar:7.2.7.Final]
	at org.hibernate.query.spi.QueryEngine.interpretHql(QueryEngine.java:61) ~[hibernate-core-7.2.7.Final.jar:7.2.7.Final]
	at org.hibernate.internal.AbstractSharedSessionContract.interpretHql(AbstractSharedSessionContract.java:951) ~[hibernate-core-7.2.7.Final.jar:7.2.7.Final]
	at org.hibernate.internal.AbstractSharedSessionContract.createQuery(AbstractSharedSessionContract.java:1002) ~[hibernate-core-7.2.7.Final.jar:7.2.7.Final]
	... 74 common frames omitted

2026-04-01T22:16:19.758+05:30  INFO 6224 --- [loanEmiSchedular] [main] c.t.l.LoanEmiSchedularApplicationTests   : Starting LoanEmiSchedularApplicationTests using Java 18.0.2.1 with PID 6224 (started by Rahul.Dave in C:\Users\Rahul.Dave\Desktop\loanEmiSchedular)
2026-04-01T22:16:19.761+05:30 DEBUG 6224 --- [loanEmiSchedular] [main] c.t.l.LoanEmiSchedularApplicationTests   : Running with Spring Boot v4.0.4, Spring v7.0.6
2026-04-01T22:16:19.762+05:30  INFO 6224 --- [loanEmiSchedular] [main] c.t.l.LoanEmiSchedularApplicationTests   : No active profile set, falling back to 1 default profile: "default"
2026-04-01T22:16:20.636+05:30  INFO 6224 --- [loanEmiSchedular] [main] .s.d.r.c.RepositoryConfigurationDelegate : Bootstrapping Spring Data JPA repositories in DEFAULT mode.
2026-04-01T22:16:20.715+05:30  INFO 6224 --- [loanEmiSchedular] [main] .s.d.r.c.RepositoryConfigurationDelegate : Finished Spring Data repository scanning in 68 ms. Found 7 JPA repository interfaces.
2026-04-01T22:16:21.531+05:30  INFO 6224 --- [loanEmiSchedular] [main] org.hibernate.orm.jpa                    : HHH008540: Processing PersistenceUnitInfo [name: default]
2026-04-01T22:16:21.578+05:30  INFO 6224 --- [loanEmiSchedular] [main] org.hibernate.orm.core                   : HHH000001: Hibernate ORM core version 7.2.7.Final
2026-04-01T22:16:22.158+05:30  INFO 6224 --- [loanEmiSchedular] [main] o.s.o.j.p.SpringPersistenceUnitInfo      : No LoadTimeWeaver setup: ignoring JPA class transformer
2026-04-01T22:16:22.183+05:30  INFO 6224 --- [loanEmiSchedular] [main] com.zaxxer.hikari.HikariDataSource       : HikariPool-1 - Starting...
2026-04-01T22:16:22.387+05:30  INFO 6224 --- [loanEmiSchedular] [main] com.zaxxer.hikari.pool.HikariPool        : HikariPool-1 - Added connection org.postgresql.jdbc.PgConnection@7bde704a
2026-04-01T22:16:22.389+05:30  INFO 6224 --- [loanEmiSchedular] [main] com.zaxxer.hikari.HikariDataSource       : HikariPool-1 - Start completed.
2026-04-01T22:16:22.456+05:30  INFO 6224 --- [loanEmiSchedular] [main] org.hibernate.orm.connections.pooling    : HHH10001005: Database info:
	Database JDBC URL [jdbc:postgresql://localhost:5432/loanEmiSchedular]
	Database driver: PostgreSQL JDBC Driver
	Database dialect: PostgreSQLDialect
	Database version: 18.3
	Default catalog/schema: loanEmiSchedular/public
	Autocommit mode: undefined/unknown
	Isolation level: READ_COMMITTED [default READ_COMMITTED]
	JDBC fetch size: none
	Pool: DataSourceConnectionProvider
	Minimum pool size: undefined/unknown
	Maximum pool size: undefined/unknown
2026-04-01T22:16:23.566+05:30  INFO 6224 --- [loanEmiSchedular] [main] org.hibernate.orm.core                   : HHH000489: No JTA platform available (set 'hibernate.transaction.jta.platform' to enable JTA platform integration)
2026-04-01T22:16:23.636+05:30  INFO 6224 --- [loanEmiSchedular] [main] j.LocalContainerEntityManagerFactoryBean : Initialized JPA EntityManagerFactory for persistence unit 'default'
2026-04-01T22:16:23.789+05:30  INFO 6224 --- [loanEmiSchedular] [main] o.s.d.j.r.query.QueryEnhancerFactories   : Hibernate is in classpath; If applicable, HQL parser will be used.
2026-04-01T22:16:24.767+05:30  WARN 6224 --- [loanEmiSchedular] [main] o.s.w.c.s.GenericWebApplicationContext   : Exception encountered during context initialization - cancelling refresh attempt: org.springframework.beans.factory.UnsatisfiedDependencyException: Error creating bean with name 'borrowerController' defined in file [C:\Users\Rahul.Dave\Desktop\loanEmiSchedular\target\classes\com\tss\loanEmiSchedular\controller\BorrowerController.class]: Unsatisfied dependency expressed through constructor parameter 1: Error creating bean with name 'borrowerServiceImpl' defined in file [C:\Users\Rahul.Dave\Desktop\loanEmiSchedular\target\classes\com\tss\loanEmiSchedular\service\impl\BorrowerServiceImpl.class]: Unsatisfied dependency expressed through constructor parameter 1: Error creating bean with name 'emiRepository' defined in com.tss.loanEmiSchedular.repository.EmiRepository defined in @EnableJpaRepositories declared on DataJpaRepositoriesRegistrar.EnableJpaRepositoriesConfiguration: Query validation failed for 'SELECT e FROM Emi e WHERE e.emiStatus = 'PENDING' AND e.dueDate <= (CURRENT_DATE() + 3)'
2026-04-01T22:16:24.768+05:30  INFO 6224 --- [loanEmiSchedular] [main] j.LocalContainerEntityManagerFactoryBean : Closing JPA EntityManagerFactory for persistence unit 'default'
2026-04-01T22:16:24.773+05:30  INFO 6224 --- [loanEmiSchedular] [main] com.zaxxer.hikari.HikariDataSource       : HikariPool-1 - Shutdown initiated...
2026-04-01T22:16:24.787+05:30  INFO 6224 --- [loanEmiSchedular] [main] com.zaxxer.hikari.HikariDataSource       : HikariPool-1 - Shutdown completed.
2026-04-01T22:16:24.810+05:30  INFO 6224 --- [loanEmiSchedular] [main] .s.b.a.l.ConditionEvaluationReportLogger : 

Error starting ApplicationContext. To display the condition evaluation report re-run your application with 'debug' enabled.
2026-04-01T22:16:24.826+05:30 ERROR 6224 --- [loanEmiSchedular] [main] o.s.boot.SpringApplication               : Application run failed

org.springframework.beans.factory.UnsatisfiedDependencyException: Error creating bean with name 'borrowerController' defined in file [C:\Users\Rahul.Dave\Desktop\loanEmiSchedular\target\classes\com\tss\loanEmiSchedular\controller\BorrowerController.class]: Unsatisfied dependency expressed through constructor parameter 1: Error creating bean with name 'borrowerServiceImpl' defined in file [C:\Users\Rahul.Dave\Desktop\loanEmiSchedular\target\classes\com\tss\loanEmiSchedular\service\impl\BorrowerServiceImpl.class]: Unsatisfied dependency expressed through constructor parameter 1: Error creating bean with name 'emiRepository' defined in com.tss.loanEmiSchedular.repository.EmiRepository defined in @EnableJpaRepositories declared on DataJpaRepositoriesRegistrar.EnableJpaRepositoriesConfiguration: Query validation failed for 'SELECT e FROM Emi e WHERE e.emiStatus = 'PENDING' AND e.dueDate <= (CURRENT_DATE() + 3)'
	at org.springframework.beans.factory.support.ConstructorResolver.createArgumentArray(ConstructorResolver.java:804) ~[spring-beans-7.0.6.jar:7.0.6]
	at org.springframework.beans.factory.support.ConstructorResolver.autowireConstructor(ConstructorResolver.java:240) ~[spring-beans-7.0.6.jar:7.0.6]
	at org.springframework.beans.factory.support.AbstractAutowireCapableBeanFactory.autowireConstructor(AbstractAutowireCapableBeanFactory.java:1382) ~[spring-beans-7.0.6.jar:7.0.6]
	at org.springframework.beans.factory.support.AbstractAutowireCapableBeanFactory.createBeanInstance(AbstractAutowireCapableBeanFactory.java:1221) ~[spring-beans-7.0.6.jar:7.0.6]
	at org.springframework.beans.factory.support.AbstractAutowireCapableBeanFactory.doCreateBean(AbstractAutowireCapableBeanFactory.java:565) ~[spring-beans-7.0.6.jar:7.0.6]
	at org.springframework.beans.factory.support.AbstractAutowireCapableBeanFactory.createBean(AbstractAutowireCapableBeanFactory.java:525) ~[spring-beans-7.0.6.jar:7.0.6]
	at org.springframework.beans.factory.support.AbstractBeanFactory.lambda$doGetBean$0(AbstractBeanFactory.java:333) ~[spring-beans-7.0.6.jar:7.0.6]
	at org.springframework.beans.factory.support.DefaultSingletonBeanRegistry.getSingleton(DefaultSingletonBeanRegistry.java:371) ~[spring-beans-7.0.6.jar:7.0.6]
	at org.springframework.beans.factory.support.AbstractBeanFactory.doGetBean(AbstractBeanFactory.java:331) ~[spring-beans-7.0.6.jar:7.0.6]
	at org.springframework.beans.factory.support.AbstractBeanFactory.getBean(AbstractBeanFactory.java:196) ~[spring-beans-7.0.6.jar:7.0.6]
	at org.springframework.beans.factory.support.DefaultListableBeanFactory.instantiateSingleton(DefaultListableBeanFactory.java:1218) ~[spring-beans-7.0.6.jar:7.0.6]
	at org.springframework.beans.factory.support.DefaultListableBeanFactory.preInstantiateSingleton(DefaultListableBeanFactory.java:1184) ~[spring-beans-7.0.6.jar:7.0.6]
	at org.springframework.beans.factory.support.DefaultListableBeanFactory.preInstantiateSingletons(DefaultListableBeanFactory.java:1121) ~[spring-beans-7.0.6.jar:7.0.6]
	at org.springframework.context.support.AbstractApplicationContext.finishBeanFactoryInitialization(AbstractApplicationContext.java:994) ~[spring-context-7.0.6.jar:7.0.6]
	at org.springframework.context.support.AbstractApplicationContext.refresh(AbstractApplicationContext.java:621) ~[spring-context-7.0.6.jar:7.0.6]
	at org.springframework.boot.SpringApplication.refresh(SpringApplication.java:756) ~[spring-boot-4.0.4.jar:4.0.4]
	at org.springframework.boot.SpringApplication.refreshContext(SpringApplication.java:445) ~[spring-boot-4.0.4.jar:4.0.4]
	at org.springframework.boot.SpringApplication.run(SpringApplication.java:321) ~[spring-boot-4.0.4.jar:4.0.4]
	at org.springframework.boot.test.context.SpringBootContextLoader.lambda$loadContext$2(SpringBootContextLoader.java:155) ~[spring-boot-test-4.0.4.jar:4.0.4]
	at org.springframework.util.function.ThrowingSupplier.get(ThrowingSupplier.java:58) ~[spring-core-7.0.6.jar:7.0.6]
	at org.springframework.util.function.ThrowingSupplier.get(ThrowingSupplier.java:46) ~[spring-core-7.0.6.jar:7.0.6]
	at org.springframework.boot.SpringApplication.withHook(SpringApplication.java:1465) ~[spring-boot-4.0.4.jar:4.0.4]
	at org.springframework.boot.test.context.SpringBootContextLoader$ContextLoaderHook.run(SpringBootContextLoader.java:600) ~[spring-boot-test-4.0.4.jar:4.0.4]
	at org.springframework.boot.test.context.SpringBootContextLoader.loadContext(SpringBootContextLoader.java:155) ~[spring-boot-test-4.0.4.jar:4.0.4]
	at org.springframework.boot.test.context.SpringBootContextLoader.loadContext(SpringBootContextLoader.java:114) ~[spring-boot-test-4.0.4.jar:4.0.4]
	at org.springframework.test.context.cache.DefaultCacheAwareContextLoaderDelegate.loadContextInternal(DefaultCacheAwareContextLoaderDelegate.java:247) ~[spring-test-7.0.6.jar:7.0.6]
	at org.springframework.test.context.cache.DefaultCacheAwareContextLoaderDelegate.lambda$loadContext$0(DefaultCacheAwareContextLoaderDelegate.java:167) ~[spring-test-7.0.6.jar:7.0.6]
	at org.springframework.test.context.cache.DefaultContextCache.put(DefaultContextCache.java:214) ~[spring-test-7.0.6.jar:7.0.6]
	at org.springframework.test.context.cache.DefaultCacheAwareContextLoaderDelegate.loadContext(DefaultCacheAwareContextLoaderDelegate.java:160) ~[spring-test-7.0.6.jar:7.0.6]
	at org.springframework.test.context.support.DefaultTestContext.getApplicationContext(DefaultTestContext.java:128) ~[spring-test-7.0.6.jar:7.0.6]
	at org.springframework.test.context.web.ServletTestExecutionListener.setUpRequestContextIfNecessary(ServletTestExecutionListener.java:200) ~[spring-test-7.0.6.jar:7.0.6]
	at org.springframework.test.context.web.ServletTestExecutionListener.prepareTestInstance(ServletTestExecutionListener.java:139) ~[spring-test-7.0.6.jar:7.0.6]
	at org.springframework.test.context.TestContextManager.prepareTestInstance(TestContextManager.java:260) ~[spring-test-7.0.6.jar:7.0.6]
	at org.springframework.test.context.junit.jupiter.SpringExtension.postProcessTestInstance(SpringExtension.java:210) ~[spring-test-7.0.6.jar:7.0.6]
	at org.junit.jupiter.engine.descriptor.ClassBasedTestDescriptor.lambda$invokeTestInstancePostProcessors$1(ClassBasedTestDescriptor.java:423) ~[junit-jupiter-engine-6.0.3.jar:6.0.3]
	at org.junit.jupiter.engine.descriptor.ClassBasedTestDescriptor.executeAndMaskThrowable(ClassBasedTestDescriptor.java:428) ~[junit-jupiter-engine-6.0.3.jar:6.0.3]
	at org.junit.jupiter.engine.descriptor.ClassBasedTestDescriptor.lambda$invokeTestInstancePostProcessors$0(ClassBasedTestDescriptor.java:422) ~[junit-jupiter-engine-6.0.3.jar:6.0.3]
	at java.base/java.util.stream.ForEachOps$ForEachOp$OfRef.accept(ForEachOps.java:183) ~[na:na]
	at java.base/java.util.stream.ReferencePipeline$3$1.accept(ReferencePipeline.java:197) ~[na:na]
	at java.base/java.util.stream.ReferencePipeline$2$1.accept(ReferencePipeline.java:179) ~[na:na]
	at java.base/java.util.stream.ReferencePipeline$3$1.accept(ReferencePipeline.java:197) ~[na:na]
	at java.base/java.util.ArrayList$ArrayListSpliterator.forEachRemaining(ArrayList.java:1625) ~[na:na]
	at java.base/java.util.stream.AbstractPipeline.copyInto(AbstractPipeline.java:509) ~[na:na]
	at java.base/java.util.stream.AbstractPipeline.wrapAndCopyInto(AbstractPipeline.java:499) ~[na:na]
	at java.base/java.util.stream.ForEachOps$ForEachOp.evaluateSequential(ForEachOps.java:150) ~[na:na]
	at java.base/java.util.stream.ForEachOps$ForEachOp$OfRef.evaluateSequential(ForEachOps.java:173) ~[na:na]
	at java.base/java.util.stream.AbstractPipeline.evaluate(AbstractPipeline.java:234) ~[na:na]
	at java.base/java.util.stream.ReferencePipeline.forEach(ReferencePipeline.java:596) ~[na:na]
	at org.junit.jupiter.engine.descriptor.ClassBasedTestDescriptor.invokeTestInstancePostProcessors(ClassBasedTestDescriptor.java:422) ~[junit-jupiter-engine-6.0.3.jar:6.0.3]
	at org.junit.jupiter.engine.descriptor.ClassBasedTestDescriptor.lambda$instantiateAndPostProcessTestInstance$0(ClassBasedTestDescriptor.java:334) ~[junit-jupiter-engine-6.0.3.jar:6.0.3]
	at org.junit.platform.engine.support.hierarchical.ThrowableCollector.execute(ThrowableCollector.java:74) ~[junit-platform-engine-6.0.3.jar:6.0.3]
	at org.junit.jupiter.engine.descriptor.ClassBasedTestDescriptor.instantiateAndPostProcessTestInstance(ClassBasedTestDescriptor.java:333) ~[junit-jupiter-engine-6.0.3.jar:6.0.3]
	at org.junit.jupiter.engine.descriptor.ClassBasedTestDescriptor.lambda$testInstancesProvider$1(ClassBasedTestDescriptor.java:322) ~[junit-jupiter-engine-6.0.3.jar:6.0.3]
	at java.base/java.util.Optional.orElseGet(Optional.java:364) ~[na:na]
	at org.junit.jupiter.engine.descriptor.ClassBasedTestDescriptor.lambda$testInstancesProvider$0(ClassBasedTestDescriptor.java:321) ~[junit-jupiter-engine-6.0.3.jar:6.0.3]
	at org.junit.jupiter.engine.execution.TestInstancesProvider.getTestInstances(TestInstancesProvider.java:27) ~[junit-jupiter-engine-6.0.3.jar:6.0.3]
	at org.junit.jupiter.engine.descriptor.TestMethodTestDescriptor.lambda$prepare$0(TestMethodTestDescriptor.java:127) ~[junit-jupiter-engine-6.0.3.jar:6.0.3]
	at org.junit.platform.engine.support.hierarchical.ThrowableCollector.execute(ThrowableCollector.java:74) ~[junit-platform-engine-6.0.3.jar:6.0.3]
	at org.junit.jupiter.engine.descriptor.TestMethodTestDescriptor.prepare(TestMethodTestDescriptor.java:126) ~[junit-jupiter-engine-6.0.3.jar:6.0.3]
	at org.junit.jupiter.engine.descriptor.TestMethodTestDescriptor.prepare(TestMethodTestDescriptor.java:70) ~[junit-jupiter-engine-6.0.3.jar:6.0.3]
	at org.junit.platform.engine.support.hierarchical.NodeTestTask.lambda$prepare$0(NodeTestTask.java:144) ~[junit-platform-engine-6.0.3.jar:6.0.3]
	at org.junit.platform.engine.support.hierarchical.ThrowableCollector.execute(ThrowableCollector.java:74) ~[junit-platform-engine-6.0.3.jar:6.0.3]
	at org.junit.platform.engine.support.hierarchical.NodeTestTask.prepare(NodeTestTask.java:144) ~[junit-platform-engine-6.0.3.jar:6.0.3]
	at org.junit.platform.engine.support.hierarchical.NodeTestTask.execute(NodeTestTask.java:110) ~[junit-platform-engine-6.0.3.jar:6.0.3]
	at java.base/java.util.ArrayList.forEach(ArrayList.java:1511) ~[na:na]
	at org.junit.platform.engine.support.hierarchical.SameThreadHierarchicalTestExecutorService.invokeAll(SameThreadHierarchicalTestExecutorService.java:42) ~[junit-platform-engine-6.0.3.jar:6.0.3]
	at org.junit.platform.engine.support.hierarchical.NodeTestTask.lambda$executeRecursively$2(NodeTestTask.java:180) ~[junit-platform-engine-6.0.3.jar:6.0.3]
	at org.junit.platform.engine.support.hierarchical.ThrowableCollector.execute(ThrowableCollector.java:74) ~[junit-platform-engine-6.0.3.jar:6.0.3]
	at org.junit.platform.engine.support.hierarchical.NodeTestTask.lambda$executeRecursively$1(NodeTestTask.java:166) ~[junit-platform-engine-6.0.3.jar:6.0.3]
	at org.junit.platform.engine.support.hierarchical.Node.around(Node.java:138) ~[junit-platform-engine-6.0.3.jar:6.0.3]
	at org.junit.platform.engine.support.hierarchical.NodeTestTask.lambda$executeRecursively$0(NodeTestTask.java:164) ~[junit-platform-engine-6.0.3.jar:6.0.3]
	at org.junit.platform.engine.support.hierarchical.ThrowableCollector.execute(ThrowableCollector.java:74) ~[junit-platform-engine-6.0.3.jar:6.0.3]
	at org.junit.platform.engine.support.hierarchical.NodeTestTask.executeRecursively(NodeTestTask.java:163) ~[junit-platform-engine-6.0.3.jar:6.0.3]
	at org.junit.platform.engine.support.hierarchical.NodeTestTask.execute(NodeTestTask.java:116) ~[junit-platform-engine-6.0.3.jar:6.0.3]
	at java.base/java.util.ArrayList.forEach(ArrayList.java:1511) ~[na:na]
	at org.junit.platform.engine.support.hierarchical.SameThreadHierarchicalTestExecutorService.invokeAll(SameThreadHierarchicalTestExecutorService.java:42) ~[junit-platform-engine-6.0.3.jar:6.0.3]
	at org.junit.platform.engine.support.hierarchical.NodeTestTask.lambda$executeRecursively$2(NodeTestTask.java:180) ~[junit-platform-engine-6.0.3.jar:6.0.3]
	at org.junit.platform.engine.support.hierarchical.ThrowableCollector.execute(ThrowableCollector.java:74) ~[junit-platform-engine-6.0.3.jar:6.0.3]
	at org.junit.platform.engine.support.hierarchical.NodeTestTask.lambda$executeRecursively$1(NodeTestTask.java:166) ~[junit-platform-engine-6.0.3.jar:6.0.3]
	at org.junit.platform.engine.support.hierarchical.Node.around(Node.java:138) ~[junit-platform-engine-6.0.3.jar:6.0.3]
	at org.junit.platform.engine.support.hierarchical.NodeTestTask.lambda$executeRecursively$0(NodeTestTask.java:164) ~[junit-platform-engine-6.0.3.jar:6.0.3]
	at org.junit.platform.engine.support.hierarchical.ThrowableCollector.execute(ThrowableCollector.java:74) ~[junit-platform-engine-6.0.3.jar:6.0.3]
	at org.junit.platform.engine.support.hierarchical.NodeTestTask.executeRecursively(NodeTestTask.java:163) ~[junit-platform-engine-6.0.3.jar:6.0.3]
	at org.junit.platform.engine.support.hierarchical.NodeTestTask.execute(NodeTestTask.java:116) ~[junit-platform-engine-6.0.3.jar:6.0.3]
	at org.junit.platform.engine.support.hierarchical.SameThreadHierarchicalTestExecutorService.submit(SameThreadHierarchicalTestExecutorService.java:36) ~[junit-platform-engine-6.0.3.jar:6.0.3]
	at org.junit.platform.engine.support.hierarchical.HierarchicalTestExecutor.execute(HierarchicalTestExecutor.java:52) ~[junit-platform-engine-6.0.3.jar:6.0.3]
	at org.junit.platform.engine.support.hierarchical.HierarchicalTestEngine.execute(HierarchicalTestEngine.java:58) ~[junit-platform-engine-6.0.3.jar:6.0.3]
	at org.junit.platform.launcher.core.EngineExecutionOrchestrator.executeEngine(EngineExecutionOrchestrator.java:246) ~[junit-platform-launcher-6.0.3.jar:6.0.3]
	at org.junit.platform.launcher.core.EngineExecutionOrchestrator.failOrExecuteEngine(EngineExecutionOrchestrator.java:218) ~[junit-platform-launcher-6.0.3.jar:6.0.3]
	at org.junit.platform.launcher.core.EngineExecutionOrchestrator.execute(EngineExecutionOrchestrator.java:179) ~[junit-platform-launcher-6.0.3.jar:6.0.3]
	at org.junit.platform.launcher.core.EngineExecutionOrchestrator.execute(EngineExecutionOrchestrator.java:108) ~[junit-platform-launcher-6.0.3.jar:6.0.3]
	at org.junit.platform.launcher.core.EngineExecutionOrchestrator.lambda$execute$0(EngineExecutionOrchestrator.java:66) ~[junit-platform-launcher-6.0.3.jar:6.0.3]
	at org.junit.platform.launcher.core.EngineExecutionOrchestrator.withInterceptedStreams(EngineExecutionOrchestrator.java:157) ~[junit-platform-launcher-6.0.3.jar:6.0.3]
	at org.junit.platform.launcher.core.EngineExecutionOrchestrator.execute(EngineExecutionOrchestrator.java:65) ~[junit-platform-launcher-6.0.3.jar:6.0.3]
	at org.junit.platform.launcher.core.DefaultLauncher.execute(DefaultLauncher.java:125) ~[junit-platform-launcher-6.0.3.jar:6.0.3]
	at org.junit.platform.launcher.core.DefaultLauncher.execute(DefaultLauncher.java:114) ~[junit-platform-launcher-6.0.3.jar:6.0.3]
	at org.junit.platform.launcher.core.DelegatingLauncher.execute(DelegatingLauncher.java:58) ~[junit-platform-launcher-6.0.3.jar:6.0.3]
	at org.junit.platform.launcher.core.InterceptingLauncher.lambda$execute$2(InterceptingLauncher.java:57) ~[junit-platform-launcher-6.0.3.jar:6.0.3]
	at org.junit.platform.launcher.core.ClasspathAlignmentCheckingLauncherInterceptor.intercept(ClasspathAlignmentCheckingLauncherInterceptor.java:25) ~[junit-platform-launcher-6.0.3.jar:6.0.3]
	at org.junit.platform.launcher.core.InterceptingLauncher.execute(InterceptingLauncher.java:56) ~[junit-platform-launcher-6.0.3.jar:6.0.3]
	at org.junit.platform.launcher.core.DelegatingLauncher.execute(DelegatingLauncher.java:58) ~[junit-platform-launcher-6.0.3.jar:6.0.3]
	at java.base/jdk.internal.reflect.DirectMethodHandleAccessor.invoke(DirectMethodHandleAccessor.java:104) ~[na:na]
	at java.base/java.lang.reflect.Method.invoke(Method.java:577) ~[na:na]
	at org.apache.maven.surefire.api.util.ReflectionUtils.invokeMethodWithArray(ReflectionUtils.java:125) ~[surefire-api-3.5.5.jar:3.5.5]
	at org.apache.maven.surefire.junitplatform.LauncherAdapter.executeWithCancellationToken(LauncherAdapter.java:68) ~[surefire-junit-platform-3.5.5.jar:3.5.5]
	at org.apache.maven.surefire.junitplatform.LauncherAdapter.execute(LauncherAdapter.java:54) ~[surefire-junit-platform-3.5.5.jar:3.5.5]
	at org.apache.maven.surefire.junitplatform.JUnitPlatformProvider.execute(JUnitPlatformProvider.java:203) ~[surefire-junit-platform-3.5.5.jar:3.5.5]
	at org.apache.maven.surefire.junitplatform.JUnitPlatformProvider.invokeAllTests(JUnitPlatformProvider.java:168) ~[surefire-junit-platform-3.5.5.jar:3.5.5]
	at org.apache.maven.surefire.junitplatform.JUnitPlatformProvider.invoke(JUnitPlatformProvider.java:136) ~[surefire-junit-platform-3.5.5.jar:3.5.5]
	at org.apache.maven.surefire.booter.ForkedBooter.runSuitesInProcess(ForkedBooter.java:385) ~[surefire-booter-3.5.5.jar:3.5.5]
	at org.apache.maven.surefire.booter.ForkedBooter.execute(ForkedBooter.java:162) ~[surefire-booter-3.5.5.jar:3.5.5]
	at org.apache.maven.surefire.booter.ForkedBooter.run(ForkedBooter.java:507) ~[surefire-booter-3.5.5.jar:3.5.5]
	at org.apache.maven.surefire.booter.ForkedBooter.main(ForkedBooter.java:495) ~[surefire-booter-3.5.5.jar:3.5.5]
Caused by: org.springframework.beans.factory.UnsatisfiedDependencyException: Error creating bean with name 'borrowerServiceImpl' defined in file [C:\Users\Rahul.Dave\Desktop\loanEmiSchedular\target\classes\com\tss\loanEmiSchedular\service\impl\BorrowerServiceImpl.class]: Unsatisfied dependency expressed through constructor parameter 1: Error creating bean with name 'emiRepository' defined in com.tss.loanEmiSchedular.repository.EmiRepository defined in @EnableJpaRepositories declared on DataJpaRepositoriesRegistrar.EnableJpaRepositoriesConfiguration: Query validation failed for 'SELECT e FROM Emi e WHERE e.emiStatus = 'PENDING' AND e.dueDate <= (CURRENT_DATE() + 3)'
	at org.springframework.beans.factory.support.ConstructorResolver.createArgumentArray(ConstructorResolver.java:804) ~[spring-beans-7.0.6.jar:7.0.6]
	at org.springframework.beans.factory.support.ConstructorResolver.autowireConstructor(ConstructorResolver.java:240) ~[spring-beans-7.0.6.jar:7.0.6]
	at org.springframework.beans.factory.support.AbstractAutowireCapableBeanFactory.autowireConstructor(AbstractAutowireCapableBeanFactory.java:1382) ~[spring-beans-7.0.6.jar:7.0.6]
	at org.springframework.beans.factory.support.AbstractAutowireCapableBeanFactory.createBeanInstance(AbstractAutowireCapableBeanFactory.java:1221) ~[spring-beans-7.0.6.jar:7.0.6]
	at org.springframework.beans.factory.support.AbstractAutowireCapableBeanFactory.doCreateBean(AbstractAutowireCapableBeanFactory.java:565) ~[spring-beans-7.0.6.jar:7.0.6]
	at org.springframework.beans.factory.support.AbstractAutowireCapableBeanFactory.createBean(AbstractAutowireCapableBeanFactory.java:525) ~[spring-beans-7.0.6.jar:7.0.6]
	at org.springframework.beans.factory.support.AbstractBeanFactory.lambda$doGetBean$0(AbstractBeanFactory.java:333) ~[spring-beans-7.0.6.jar:7.0.6]
	at org.springframework.beans.factory.support.DefaultSingletonBeanRegistry.getSingleton(DefaultSingletonBeanRegistry.java:371) ~[spring-beans-7.0.6.jar:7.0.6]
	at org.springframework.beans.factory.support.AbstractBeanFactory.doGetBean(AbstractBeanFactory.java:331) ~[spring-beans-7.0.6.jar:7.0.6]
	at org.springframework.beans.factory.support.AbstractBeanFactory.getBean(AbstractBeanFactory.java:201) ~[spring-beans-7.0.6.jar:7.0.6]
	at org.springframework.beans.factory.config.DependencyDescriptor.resolveCandidate(DependencyDescriptor.java:229) ~[spring-beans-7.0.6.jar:7.0.6]
	at org.springframework.beans.factory.support.DefaultListableBeanFactory.doResolveDependency(DefaultListableBeanFactory.java:1762) ~[spring-beans-7.0.6.jar:7.0.6]
	at org.springframework.beans.factory.support.DefaultListableBeanFactory.resolveDependency(DefaultListableBeanFactory.java:1651) ~[spring-beans-7.0.6.jar:7.0.6]
	at org.springframework.beans.factory.support.ConstructorResolver.resolveAutowiredArgument(ConstructorResolver.java:912) ~[spring-beans-7.0.6.jar:7.0.6]
	at org.springframework.beans.factory.support.ConstructorResolver.createArgumentArray(ConstructorResolver.java:791) ~[spring-beans-7.0.6.jar:7.0.6]
	... 112 common frames omitted
Caused by: org.springframework.beans.factory.BeanCreationException: Error creating bean with name 'emiRepository' defined in com.tss.loanEmiSchedular.repository.EmiRepository defined in @EnableJpaRepositories declared on DataJpaRepositoriesRegistrar.EnableJpaRepositoriesConfiguration: Query validation failed for 'SELECT e FROM Emi e WHERE e.emiStatus = 'PENDING' AND e.dueDate <= (CURRENT_DATE() + 3)'
	at org.springframework.beans.factory.support.AbstractAutowireCapableBeanFactory.initializeBean(AbstractAutowireCapableBeanFactory.java:1817) ~[spring-beans-7.0.6.jar:7.0.6]
	at org.springframework.beans.factory.support.AbstractAutowireCapableBeanFactory.doCreateBean(AbstractAutowireCapableBeanFactory.java:603) ~[spring-beans-7.0.6.jar:7.0.6]
	at org.springframework.beans.factory.support.AbstractAutowireCapableBeanFactory.createBean(AbstractAutowireCapableBeanFactory.java:525) ~[spring-beans-7.0.6.jar:7.0.6]
	at org.springframework.beans.factory.support.AbstractBeanFactory.lambda$doGetBean$0(AbstractBeanFactory.java:333) ~[spring-beans-7.0.6.jar:7.0.6]
	at org.springframework.beans.factory.support.DefaultSingletonBeanRegistry.getSingleton(DefaultSingletonBeanRegistry.java:371) ~[spring-beans-7.0.6.jar:7.0.6]
	at org.springframework.beans.factory.support.AbstractBeanFactory.doGetBean(AbstractBeanFactory.java:331) ~[spring-beans-7.0.6.jar:7.0.6]
	at org.springframework.beans.factory.support.AbstractBeanFactory.getBean(AbstractBeanFactory.java:201) ~[spring-beans-7.0.6.jar:7.0.6]
	at org.springframework.beans.factory.support.DefaultListableBeanFactory.resolveBean(DefaultListableBeanFactory.java:1225) ~[spring-beans-7.0.6.jar:7.0.6]
	at org.springframework.beans.factory.support.DefaultListableBeanFactory.doResolveDependency(DefaultListableBeanFactory.java:1704) ~[spring-beans-7.0.6.jar:7.0.6]
	at org.springframework.beans.factory.support.DefaultListableBeanFactory.resolveDependency(DefaultListableBeanFactory.java:1651) ~[spring-beans-7.0.6.jar:7.0.6]
	at org.springframework.beans.factory.support.ConstructorResolver.resolveAutowiredArgument(ConstructorResolver.java:912) ~[spring-beans-7.0.6.jar:7.0.6]
	at org.springframework.beans.factory.support.ConstructorResolver.createArgumentArray(ConstructorResolver.java:791) ~[spring-beans-7.0.6.jar:7.0.6]
	... 126 common frames omitted
Caused by: org.springframework.data.repository.query.QueryCreationException: Cannot create query for method [EmiRepository.findAllPendingEmisForPaymentReminder()]; Query validation failed for 'SELECT e FROM Emi e WHERE e.emiStatus = 'PENDING' AND e.dueDate <= (CURRENT_DATE() + 3)'
	at org.springframework.data.repository.query.QueryCreationException.create(QueryCreationException.java:139) ~[spring-data-commons-4.0.4.jar:4.0.4]
	at org.springframework.data.repository.query.QueryCreationException.create(QueryCreationException.java:124) ~[spring-data-commons-4.0.4.jar:4.0.4]
	at org.springframework.data.jpa.repository.query.SimpleJpaQuery.validateQuery(SimpleJpaQuery.java:78) ~[spring-data-jpa-4.0.4.jar:4.0.4]
	at org.springframework.data.jpa.repository.query.SimpleJpaQuery.<init>(SimpleJpaQuery.java:52) ~[spring-data-jpa-4.0.4.jar:4.0.4]
	at org.springframework.data.jpa.repository.query.JpaQueryLookupStrategy$DeclaredQueryLookupStrategy.createStringQuery(JpaQueryLookupStrategy.java:228) ~[spring-data-jpa-4.0.4.jar:4.0.4]
	at org.springframework.data.jpa.repository.query.JpaQueryLookupStrategy$DeclaredQueryLookupStrategy.resolveQuery(JpaQueryLookupStrategy.java:160) ~[spring-data-jpa-4.0.4.jar:4.0.4]
	at org.springframework.data.jpa.repository.query.JpaQueryLookupStrategy$CreateIfNotFoundQueryLookupStrategy.resolveQuery(JpaQueryLookupStrategy.java:285) ~[spring-data-jpa-4.0.4.jar:4.0.4]
	at org.springframework.data.jpa.repository.query.JpaQueryLookupStrategy$AbstractQueryLookupStrategy.resolveQuery(JpaQueryLookupStrategy.java:93) ~[spring-data-jpa-4.0.4.jar:4.0.4]
	at org.springframework.data.repository.core.support.QueryExecutorMethodInterceptor.lookupQuery(QueryExecutorMethodInterceptor.java:114) ~[spring-data-commons-4.0.4.jar:4.0.4]
	at org.springframework.data.repository.core.support.QueryExecutorMethodInterceptor.mapMethodsToQuery(QueryExecutorMethodInterceptor.java:102) ~[spring-data-commons-4.0.4.jar:4.0.4]
	at org.springframework.data.repository.core.support.QueryExecutorMethodInterceptor.<init>(QueryExecutorMethodInterceptor.java:90) ~[spring-data-commons-4.0.4.jar:4.0.4]
	at org.springframework.data.repository.core.support.RepositoryFactorySupport.getRepository(RepositoryFactorySupport.java:413) ~[spring-data-commons-4.0.4.jar:4.0.4]
	at org.springframework.data.repository.core.support.RepositoryFactoryBeanSupport.lambda$afterPropertiesSet$1(RepositoryFactoryBeanSupport.java:361) ~[spring-data-commons-4.0.4.jar:4.0.4]
	at org.springframework.data.util.Lazy.getNullable(Lazy.java:136) ~[spring-data-commons-4.0.4.jar:4.0.4]
	at org.springframework.data.util.Lazy.get(Lazy.java:114) ~[spring-data-commons-4.0.4.jar:4.0.4]
	at org.springframework.data.repository.core.support.RepositoryFactoryBeanSupport.afterPropertiesSet(RepositoryFactoryBeanSupport.java:370) ~[spring-data-commons-4.0.4.jar:4.0.4]
	at org.springframework.data.jpa.repository.support.JpaRepositoryFactoryBean.afterPropertiesSet(JpaRepositoryFactoryBean.java:212) ~[spring-data-jpa-4.0.4.jar:4.0.4]
	at org.springframework.beans.factory.support.AbstractAutowireCapableBeanFactory.invokeInitMethods(AbstractAutowireCapableBeanFactory.java:1864) ~[spring-beans-7.0.6.jar:7.0.6]
	at org.springframework.beans.factory.support.AbstractAutowireCapableBeanFactory.initializeBean(AbstractAutowireCapableBeanFactory.java:1813) ~[spring-beans-7.0.6.jar:7.0.6]
	... 137 common frames omitted
Caused by: java.lang.IllegalArgumentException: org.hibernate.query.SemanticException: Operand of + is of type 'java.lang.Integer' which is not a temporal amount (it is not an instance of 'java.time.TemporalAmount')
	at org.hibernate.internal.ExceptionConverterImpl.convert(ExceptionConverterImpl.java:129) ~[hibernate-core-7.2.7.Final.jar:7.2.7.Final]
	at org.hibernate.internal.ExceptionConverterImpl.convert(ExceptionConverterImpl.java:168) ~[hibernate-core-7.2.7.Final.jar:7.2.7.Final]
	at org.hibernate.internal.ExceptionConverterImpl.convert(ExceptionConverterImpl.java:174) ~[hibernate-core-7.2.7.Final.jar:7.2.7.Final]
	at org.hibernate.internal.AbstractSharedSessionContract.createQuery(AbstractSharedSessionContract.java:1010) ~[hibernate-core-7.2.7.Final.jar:7.2.7.Final]
	at org.hibernate.internal.SessionImpl.createQuery(SessionImpl.java:155) ~[hibernate-core-7.2.7.Final.jar:7.2.7.Final]
	at org.hibernate.internal.AbstractSharedSessionContract.createQuery(AbstractSharedSessionContract.java:919) ~[hibernate-core-7.2.7.Final.jar:7.2.7.Final]
	at org.hibernate.internal.SessionImpl.createQuery(SessionImpl.java:155) ~[hibernate-core-7.2.7.Final.jar:7.2.7.Final]
	at org.hibernate.internal.AbstractSharedSessionContract.createQuery(AbstractSharedSessionContract.java:142) ~[hibernate-core-7.2.7.Final.jar:7.2.7.Final]
	at java.base/jdk.internal.reflect.DirectMethodHandleAccessor.invoke(DirectMethodHandleAccessor.java:104) ~[na:na]
	at java.base/java.lang.reflect.Method.invoke(Method.java:577) ~[na:na]
	at org.springframework.orm.jpa.ExtendedEntityManagerCreator$ExtendedEntityManagerInvocationHandler.invoke(ExtendedEntityManagerCreator.java:362) ~[spring-orm-7.0.6.jar:7.0.6]
	at jdk.proxy2/jdk.proxy2.$Proxy159.createQuery(Unknown Source) ~[na:na]
	at org.springframework.data.jpa.repository.query.SimpleJpaQuery.validateQuery(SimpleJpaQuery.java:73) ~[spring-data-jpa-4.0.4.jar:4.0.4]
	... 153 common frames omitted
Caused by: org.hibernate.query.SemanticException: Operand of + is of type 'java.lang.Integer' which is not a temporal amount (it is not an instance of 'java.time.TemporalAmount')
	at org.hibernate.query.sqm.internal.TypecheckUtil.assertOperable(TypecheckUtil.java:561) ~[hibernate-core-7.2.7.Final.jar:7.2.7.Final]
	at org.hibernate.query.hql.internal.SemanticQueryBuilder.visitAdditionExpression(SemanticQueryBuilder.java:3656) ~[hibernate-core-7.2.7.Final.jar:7.2.7.Final]
	at org.hibernate.grammars.hql.HqlParser$AdditionExpressionContext.accept(HqlParser.java:7252) ~[hibernate-core-7.2.7.Final.jar:7.2.7.Final]
	at org.hibernate.query.hql.internal.SemanticQueryBuilder.visitGroupedExpression(SemanticQueryBuilder.java:3734) ~[hibernate-core-7.2.7.Final.jar:7.2.7.Final]
	at org.hibernate.grammars.hql.HqlParser$GroupedExpressionContext.accept(HqlParser.java:7370) ~[hibernate-core-7.2.7.Final.jar:7.2.7.Final]
	at org.hibernate.query.hql.internal.SemanticQueryBuilder.createComparisonPredicate(SemanticQueryBuilder.java:2557) ~[hibernate-core-7.2.7.Final.jar:7.2.7.Final]
	at org.hibernate.query.hql.internal.SemanticQueryBuilder.visitBinaryExpressionPredicate(SemanticQueryBuilder.java:2515) ~[hibernate-core-7.2.7.Final.jar:7.2.7.Final]
	at org.hibernate.query.hql.internal.SemanticQueryBuilder.visitBinaryExpressionPredicate(SemanticQueryBuilder.java:246) ~[hibernate-core-7.2.7.Final.jar:7.2.7.Final]
	at org.hibernate.grammars.hql.HqlParser$BinaryExpressionPredicateContext.accept(HqlParser.java:6218) ~[hibernate-core-7.2.7.Final.jar:7.2.7.Final]
	at org.hibernate.query.hql.internal.SemanticQueryBuilder.visitAndPredicate(SemanticQueryBuilder.java:2353) ~[hibernate-core-7.2.7.Final.jar:7.2.7.Final]
	at org.hibernate.query.hql.internal.SemanticQueryBuilder.visitAndPredicate(SemanticQueryBuilder.java:246) ~[hibernate-core-7.2.7.Final.jar:7.2.7.Final]
	at org.hibernate.grammars.hql.HqlParser$AndPredicateContext.accept(HqlParser.java:6315) ~[hibernate-core-7.2.7.Final.jar:7.2.7.Final]
	at org.hibernate.query.hql.internal.SemanticQueryBuilder.visitWhereClause(SemanticQueryBuilder.java:2336) ~[hibernate-core-7.2.7.Final.jar:7.2.7.Final]
	at org.hibernate.query.hql.internal.SemanticQueryBuilder.visitWhereClause(SemanticQueryBuilder.java:246) ~[hibernate-core-7.2.7.Final.jar:7.2.7.Final]
	at org.hibernate.grammars.hql.HqlParser$WhereClauseContext.accept(HqlParser.java:6146) ~[hibernate-core-7.2.7.Final.jar:7.2.7.Final]
	at org.hibernate.query.hql.internal.SemanticQueryBuilder.visitQuery(SemanticQueryBuilder.java:1162) ~[hibernate-core-7.2.7.Final.jar:7.2.7.Final]
	at org.hibernate.query.hql.internal.SemanticQueryBuilder.visitQuerySpecExpression(SemanticQueryBuilder.java:955) ~[hibernate-core-7.2.7.Final.jar:7.2.7.Final]
	at org.hibernate.query.hql.internal.SemanticQueryBuilder.visitQuerySpecExpression(SemanticQueryBuilder.java:246) ~[hibernate-core-7.2.7.Final.jar:7.2.7.Final]
	at org.hibernate.grammars.hql.HqlParser$QuerySpecExpressionContext.accept(HqlParser.java:2113) ~[hibernate-core-7.2.7.Final.jar:7.2.7.Final]
	at org.hibernate.query.hql.internal.SemanticQueryBuilder.visitQueryExpression(SemanticQueryBuilder.java:984) ~[hibernate-core-7.2.7.Final.jar:7.2.7.Final]
	at org.hibernate.query.hql.internal.SemanticQueryBuilder.visitQueryExpression(SemanticQueryBuilder.java:246) ~[hibernate-core-7.2.7.Final.jar:7.2.7.Final]
	at org.hibernate.grammars.hql.HqlParser$QueryExpressionContext.accept(HqlParser.java:2003) ~[hibernate-core-7.2.7.Final.jar:7.2.7.Final]
	at org.hibernate.query.hql.internal.SemanticQueryBuilder.visitSelectStatement(SemanticQueryBuilder.java:471) ~[hibernate-core-7.2.7.Final.jar:7.2.7.Final]
	at org.hibernate.query.hql.internal.SemanticQueryBuilder.visitStatement(SemanticQueryBuilder.java:430) ~[hibernate-core-7.2.7.Final.jar:7.2.7.Final]
	at org.hibernate.query.hql.internal.SemanticQueryBuilder.buildSemanticModel(SemanticQueryBuilder.java:291) ~[hibernate-core-7.2.7.Final.jar:7.2.7.Final]
	at org.hibernate.query.hql.internal.StandardHqlTranslator.translate(StandardHqlTranslator.java:64) ~[hibernate-core-7.2.7.Final.jar:7.2.7.Final]
	at org.hibernate.query.internal.QueryInterpretationCacheStandardImpl.createHqlInterpretation(QueryInterpretationCacheStandardImpl.java:165) ~[hibernate-core-7.2.7.Final.jar:7.2.7.Final]
	at org.hibernate.query.internal.QueryInterpretationCacheStandardImpl.resolveHqlInterpretation(QueryInterpretationCacheStandardImpl.java:147) ~[hibernate-core-7.2.7.Final.jar:7.2.7.Final]
	at org.hibernate.query.spi.QueryEngine.interpretHql(QueryEngine.java:61) ~[hibernate-core-7.2.7.Final.jar:7.2.7.Final]
	at org.hibernate.internal.AbstractSharedSessionContract.interpretHql(AbstractSharedSessionContract.java:951) ~[hibernate-core-7.2.7.Final.jar:7.2.7.Final]
	at org.hibernate.internal.AbstractSharedSessionContract.createQuery(AbstractSharedSessionContract.java:1002) ~[hibernate-core-7.2.7.Final.jar:7.2.7.Final]
	... 162 common frames omitted

2026-04-01T22:16:24.839+05:30  WARN 6224 --- [loanEmiSchedular] [main] o.s.test.context.TestContextManager      : Caught exception while allowing TestExecutionListener [org.springframework.test.context.web.ServletTestExecutionListener] to prepare test instance [com.tss.loanEmiSchedular.LoanEmiSchedularApplicationTests@a5e9de1]

java.lang.IllegalStateException: Failed to load ApplicationContext for [WebMergedContextConfiguration@73a65712 testClass = com.tss.loanEmiSchedular.LoanEmiSchedularApplicationTests, locations = [], classes = [com.tss.loanEmiSchedular.LoanEmiSchedularApplication], contextInitializerClasses = [], activeProfiles = [], propertySourceDescriptors = [], propertySourceProperties = ["org.springframework.boot.test.context.SpringBootTestContextBootstrapper=true"], contextCustomizers = [org.springframework.boot.webmvc.test.autoconfigure.WebDriverContextCustomizer@7adf16aa, org.springframework.boot.web.server.context.SpringBootTestRandomPortContextCustomizer@73c60324, org.springframework.boot.test.context.PropertyMappingContextCustomizer@0, org.springframework.boot.test.context.filter.ExcludeFilterContextCustomizer@55787112, org.springframework.boot.test.json.DuplicateJsonObjectContextCustomizerFactory$DuplicateJsonObjectContextCustomizer@b40bb6e, org.springframework.boot.test.autoconfigure.OnFailureConditionReportContextCustomizerFactory$OnFailureConditionReportContextCustomizer@6d0b5baf, org.springframework.test.context.support.DynamicPropertiesContextCustomizer@0, org.springframework.boot.test.context.SpringBootTestAnnotation@f49e74eb], resourceBasePath = "src/main/webapp", contextLoader = org.springframework.boot.test.context.SpringBootContextLoader, parent = null]
	at org.springframework.test.context.cache.DefaultCacheAwareContextLoaderDelegate.lambda$loadContext$0(DefaultCacheAwareContextLoaderDelegate.java:195) ~[spring-test-7.0.6.jar:7.0.6]
	at org.springframework.test.context.cache.DefaultContextCache.put(DefaultContextCache.java:214) ~[spring-test-7.0.6.jar:7.0.6]
	at org.springframework.test.context.cache.DefaultCacheAwareContextLoaderDelegate.loadContext(DefaultCacheAwareContextLoaderDelegate.java:160) ~[spring-test-7.0.6.jar:7.0.6]
	at org.springframework.test.context.support.DefaultTestContext.getApplicationContext(DefaultTestContext.java:128) ~[spring-test-7.0.6.jar:7.0.6]
	at org.springframework.test.context.web.ServletTestExecutionListener.setUpRequestContextIfNecessary(ServletTestExecutionListener.java:200) ~[spring-test-7.0.6.jar:7.0.6]
	at org.springframework.test.context.web.ServletTestExecutionListener.prepareTestInstance(ServletTestExecutionListener.java:139) ~[spring-test-7.0.6.jar:7.0.6]
	at org.springframework.test.context.TestContextManager.prepareTestInstance(TestContextManager.java:260) ~[spring-test-7.0.6.jar:7.0.6]
	at org.springframework.test.context.junit.jupiter.SpringExtension.postProcessTestInstance(SpringExtension.java:210) ~[spring-test-7.0.6.jar:7.0.6]
	at org.junit.jupiter.engine.descriptor.ClassBasedTestDescriptor.lambda$invokeTestInstancePostProcessors$1(ClassBasedTestDescriptor.java:423) ~[junit-jupiter-engine-6.0.3.jar:6.0.3]
	at org.junit.jupiter.engine.descriptor.ClassBasedTestDescriptor.executeAndMaskThrowable(ClassBasedTestDescriptor.java:428) ~[junit-jupiter-engine-6.0.3.jar:6.0.3]
	at org.junit.jupiter.engine.descriptor.ClassBasedTestDescriptor.lambda$invokeTestInstancePostProcessors$0(ClassBasedTestDescriptor.java:422) ~[junit-jupiter-engine-6.0.3.jar:6.0.3]
	at java.base/java.util.stream.ForEachOps$ForEachOp$OfRef.accept(ForEachOps.java:183) ~[na:na]
	at java.base/java.util.stream.ReferencePipeline$3$1.accept(ReferencePipeline.java:197) ~[na:na]
	at java.base/java.util.stream.ReferencePipeline$2$1.accept(ReferencePipeline.java:179) ~[na:na]
	at java.base/java.util.stream.ReferencePipeline$3$1.accept(ReferencePipeline.java:197) ~[na:na]
	at java.base/java.util.ArrayList$ArrayListSpliterator.forEachRemaining(ArrayList.java:1625) ~[na:na]
	at java.base/java.util.stream.AbstractPipeline.copyInto(AbstractPipeline.java:509) ~[na:na]
	at java.base/java.util.stream.AbstractPipeline.wrapAndCopyInto(AbstractPipeline.java:499) ~[na:na]
	at java.base/java.util.stream.ForEachOps$ForEachOp.evaluateSequential(ForEachOps.java:150) ~[na:na]
	at java.base/java.util.stream.ForEachOps$ForEachOp$OfRef.evaluateSequential(ForEachOps.java:173) ~[na:na]
	at java.base/java.util.stream.AbstractPipeline.evaluate(AbstractPipeline.java:234) ~[na:na]
	at java.base/java.util.stream.ReferencePipeline.forEach(ReferencePipeline.java:596) ~[na:na]
	at org.junit.jupiter.engine.descriptor.ClassBasedTestDescriptor.invokeTestInstancePostProcessors(ClassBasedTestDescriptor.java:422) ~[junit-jupiter-engine-6.0.3.jar:6.0.3]
	at org.junit.jupiter.engine.descriptor.ClassBasedTestDescriptor.lambda$instantiateAndPostProcessTestInstance$0(ClassBasedTestDescriptor.java:334) ~[junit-jupiter-engine-6.0.3.jar:6.0.3]
	at org.junit.platform.engine.support.hierarchical.ThrowableCollector.execute(ThrowableCollector.java:74) ~[junit-platform-engine-6.0.3.jar:6.0.3]
	at org.junit.jupiter.engine.descriptor.ClassBasedTestDescriptor.instantiateAndPostProcessTestInstance(ClassBasedTestDescriptor.java:333) ~[junit-jupiter-engine-6.0.3.jar:6.0.3]
	at org.junit.jupiter.engine.descriptor.ClassBasedTestDescriptor.lambda$testInstancesProvider$1(ClassBasedTestDescriptor.java:322) ~[junit-jupiter-engine-6.0.3.jar:6.0.3]
	at java.base/java.util.Optional.orElseGet(Optional.java:364) ~[na:na]
	at org.junit.jupiter.engine.descriptor.ClassBasedTestDescriptor.lambda$testInstancesProvider$0(ClassBasedTestDescriptor.java:321) ~[junit-jupiter-engine-6.0.3.jar:6.0.3]
	at org.junit.jupiter.engine.execution.TestInstancesProvider.getTestInstances(TestInstancesProvider.java:27) ~[junit-jupiter-engine-6.0.3.jar:6.0.3]
	at org.junit.jupiter.engine.descriptor.TestMethodTestDescriptor.lambda$prepare$0(TestMethodTestDescriptor.java:127) ~[junit-jupiter-engine-6.0.3.jar:6.0.3]
	at org.junit.platform.engine.support.hierarchical.ThrowableCollector.execute(ThrowableCollector.java:74) ~[junit-platform-engine-6.0.3.jar:6.0.3]
	at org.junit.jupiter.engine.descriptor.TestMethodTestDescriptor.prepare(TestMethodTestDescriptor.java:126) ~[junit-jupiter-engine-6.0.3.jar:6.0.3]
	at org.junit.jupiter.engine.descriptor.TestMethodTestDescriptor.prepare(TestMethodTestDescriptor.java:70) ~[junit-jupiter-engine-6.0.3.jar:6.0.3]
	at org.junit.platform.engine.support.hierarchical.NodeTestTask.lambda$prepare$0(NodeTestTask.java:144) ~[junit-platform-engine-6.0.3.jar:6.0.3]
	at org.junit.platform.engine.support.hierarchical.ThrowableCollector.execute(ThrowableCollector.java:74) ~[junit-platform-engine-6.0.3.jar:6.0.3]
	at org.junit.platform.engine.support.hierarchical.NodeTestTask.prepare(NodeTestTask.java:144) ~[junit-platform-engine-6.0.3.jar:6.0.3]
	at org.junit.platform.engine.support.hierarchical.NodeTestTask.execute(NodeTestTask.java:110) ~[junit-platform-engine-6.0.3.jar:6.0.3]
	at java.base/java.util.ArrayList.forEach(ArrayList.java:1511) ~[na:na]
	at org.junit.platform.engine.support.hierarchical.SameThreadHierarchicalTestExecutorService.invokeAll(SameThreadHierarchicalTestExecutorService.java:42) ~[junit-platform-engine-6.0.3.jar:6.0.3]
	at org.junit.platform.engine.support.hierarchical.NodeTestTask.lambda$executeRecursively$2(NodeTestTask.java:180) ~[junit-platform-engine-6.0.3.jar:6.0.3]
	at org.junit.platform.engine.support.hierarchical.ThrowableCollector.execute(ThrowableCollector.java:74) ~[junit-platform-engine-6.0.3.jar:6.0.3]
	at org.junit.platform.engine.support.hierarchical.NodeTestTask.lambda$executeRecursively$1(NodeTestTask.java:166) ~[junit-platform-engine-6.0.3.jar:6.0.3]
	at org.junit.platform.engine.support.hierarchical.Node.around(Node.java:138) ~[junit-platform-engine-6.0.3.jar:6.0.3]
	at org.junit.platform.engine.support.hierarchical.NodeTestTask.lambda$executeRecursively$0(NodeTestTask.java:164) ~[junit-platform-engine-6.0.3.jar:6.0.3]
	at org.junit.platform.engine.support.hierarchical.ThrowableCollector.execute(ThrowableCollector.java:74) ~[junit-platform-engine-6.0.3.jar:6.0.3]
	at org.junit.platform.engine.support.hierarchical.NodeTestTask.executeRecursively(NodeTestTask.java:163) ~[junit-platform-engine-6.0.3.jar:6.0.3]
	at org.junit.platform.engine.support.hierarchical.NodeTestTask.execute(NodeTestTask.java:116) ~[junit-platform-engine-6.0.3.jar:6.0.3]
	at java.base/java.util.ArrayList.forEach(ArrayList.java:1511) ~[na:na]
	at org.junit.platform.engine.support.hierarchical.SameThreadHierarchicalTestExecutorService.invokeAll(SameThreadHierarchicalTestExecutorService.java:42) ~[junit-platform-engine-6.0.3.jar:6.0.3]
	at org.junit.platform.engine.support.hierarchical.NodeTestTask.lambda$executeRecursively$2(NodeTestTask.java:180) ~[junit-platform-engine-6.0.3.jar:6.0.3]
	at org.junit.platform.engine.support.hierarchical.ThrowableCollector.execute(ThrowableCollector.java:74) ~[junit-platform-engine-6.0.3.jar:6.0.3]
	at org.junit.platform.engine.support.hierarchical.NodeTestTask.lambda$executeRecursively$1(NodeTestTask.java:166) ~[junit-platform-engine-6.0.3.jar:6.0.3]
	at org.junit.platform.engine.support.hierarchical.Node.around(Node.java:138) ~[junit-platform-engine-6.0.3.jar:6.0.3]
	at org.junit.platform.engine.support.hierarchical.NodeTestTask.lambda$executeRecursively$0(NodeTestTask.java:164) ~[junit-platform-engine-6.0.3.jar:6.0.3]
	at org.junit.platform.engine.support.hierarchical.ThrowableCollector.execute(ThrowableCollector.java:74) ~[junit-platform-engine-6.0.3.jar:6.0.3]
	at org.junit.platform.engine.support.hierarchical.NodeTestTask.executeRecursively(NodeTestTask.java:163) ~[junit-platform-engine-6.0.3.jar:6.0.3]
	at org.junit.platform.engine.support.hierarchical.NodeTestTask.execute(NodeTestTask.java:116) ~[junit-platform-engine-6.0.3.jar:6.0.3]
	at org.junit.platform.engine.support.hierarchical.SameThreadHierarchicalTestExecutorService.submit(SameThreadHierarchicalTestExecutorService.java:36) ~[junit-platform-engine-6.0.3.jar:6.0.3]
	at org.junit.platform.engine.support.hierarchical.HierarchicalTestExecutor.execute(HierarchicalTestExecutor.java:52) ~[junit-platform-engine-6.0.3.jar:6.0.3]
	at org.junit.platform.engine.support.hierarchical.HierarchicalTestEngine.execute(HierarchicalTestEngine.java:58) ~[junit-platform-engine-6.0.3.jar:6.0.3]
	at org.junit.platform.launcher.core.EngineExecutionOrchestrator.executeEngine(EngineExecutionOrchestrator.java:246) ~[junit-platform-launcher-6.0.3.jar:6.0.3]
	at org.junit.platform.launcher.core.EngineExecutionOrchestrator.failOrExecuteEngine(EngineExecutionOrchestrator.java:218) ~[junit-platform-launcher-6.0.3.jar:6.0.3]
	at org.junit.platform.launcher.core.EngineExecutionOrchestrator.execute(EngineExecutionOrchestrator.java:179) ~[junit-platform-launcher-6.0.3.jar:6.0.3]
	at org.junit.platform.launcher.core.EngineExecutionOrchestrator.execute(EngineExecutionOrchestrator.java:108) ~[junit-platform-launcher-6.0.3.jar:6.0.3]
	at org.junit.platform.launcher.core.EngineExecutionOrchestrator.lambda$execute$0(EngineExecutionOrchestrator.java:66) ~[junit-platform-launcher-6.0.3.jar:6.0.3]
	at org.junit.platform.launcher.core.EngineExecutionOrchestrator.withInterceptedStreams(EngineExecutionOrchestrator.java:157) ~[junit-platform-launcher-6.0.3.jar:6.0.3]
	at org.junit.platform.launcher.core.EngineExecutionOrchestrator.execute(EngineExecutionOrchestrator.java:65) ~[junit-platform-launcher-6.0.3.jar:6.0.3]
	at org.junit.platform.launcher.core.DefaultLauncher.execute(DefaultLauncher.java:125) ~[junit-platform-launcher-6.0.3.jar:6.0.3]
	at org.junit.platform.launcher.core.DefaultLauncher.execute(DefaultLauncher.java:114) ~[junit-platform-launcher-6.0.3.jar:6.0.3]
	at org.junit.platform.launcher.core.DelegatingLauncher.execute(DelegatingLauncher.java:58) ~[junit-platform-launcher-6.0.3.jar:6.0.3]
	at org.junit.platform.launcher.core.InterceptingLauncher.lambda$execute$2(InterceptingLauncher.java:57) ~[junit-platform-launcher-6.0.3.jar:6.0.3]
	at org.junit.platform.launcher.core.ClasspathAlignmentCheckingLauncherInterceptor.intercept(ClasspathAlignmentCheckingLauncherInterceptor.java:25) ~[junit-platform-launcher-6.0.3.jar:6.0.3]
	at org.junit.platform.launcher.core.InterceptingLauncher.execute(InterceptingLauncher.java:56) ~[junit-platform-launcher-6.0.3.jar:6.0.3]
	at org.junit.platform.launcher.core.DelegatingLauncher.execute(DelegatingLauncher.java:58) ~[junit-platform-launcher-6.0.3.jar:6.0.3]
	at java.base/jdk.internal.reflect.DirectMethodHandleAccessor.invoke(DirectMethodHandleAccessor.java:104) ~[na:na]
	at java.base/java.lang.reflect.Method.invoke(Method.java:577) ~[na:na]
	at org.apache.maven.surefire.api.util.ReflectionUtils.invokeMethodWithArray(ReflectionUtils.java:125) ~[surefire-api-3.5.5.jar:3.5.5]
	at org.apache.maven.surefire.junitplatform.LauncherAdapter.executeWithCancellationToken(LauncherAdapter.java:68) ~[surefire-junit-platform-3.5.5.jar:3.5.5]
	at org.apache.maven.surefire.junitplatform.LauncherAdapter.execute(LauncherAdapter.java:54) ~[surefire-junit-platform-3.5.5.jar:3.5.5]
	at org.apache.maven.surefire.junitplatform.JUnitPlatformProvider.execute(JUnitPlatformProvider.java:203) ~[surefire-junit-platform-3.5.5.jar:3.5.5]
	at org.apache.maven.surefire.junitplatform.JUnitPlatformProvider.invokeAllTests(JUnitPlatformProvider.java:168) ~[surefire-junit-platform-3.5.5.jar:3.5.5]
	at org.apache.maven.surefire.junitplatform.JUnitPlatformProvider.invoke(JUnitPlatformProvider.java:136) ~[surefire-junit-platform-3.5.5.jar:3.5.5]
	at org.apache.maven.surefire.booter.ForkedBooter.runSuitesInProcess(ForkedBooter.java:385) ~[surefire-booter-3.5.5.jar:3.5.5]
	at org.apache.maven.surefire.booter.ForkedBooter.execute(ForkedBooter.java:162) ~[surefire-booter-3.5.5.jar:3.5.5]
	at org.apache.maven.surefire.booter.ForkedBooter.run(ForkedBooter.java:507) ~[surefire-booter-3.5.5.jar:3.5.5]
	at org.apache.maven.surefire.booter.ForkedBooter.main(ForkedBooter.java:495) ~[surefire-booter-3.5.5.jar:3.5.5]
Caused by: org.springframework.beans.factory.UnsatisfiedDependencyException: Error creating bean with name 'borrowerController' defined in file [C:\Users\Rahul.Dave\Desktop\loanEmiSchedular\target\classes\com\tss\loanEmiSchedular\controller\BorrowerController.class]: Unsatisfied dependency expressed through constructor parameter 1: Error creating bean with name 'borrowerServiceImpl' defined in file [C:\Users\Rahul.Dave\Desktop\loanEmiSchedular\target\classes\com\tss\loanEmiSchedular\service\impl\BorrowerServiceImpl.class]: Unsatisfied dependency expressed through constructor parameter 1: Error creating bean with name 'emiRepository' defined in com.tss.loanEmiSchedular.repository.EmiRepository defined in @EnableJpaRepositories declared on DataJpaRepositoriesRegistrar.EnableJpaRepositoriesConfiguration: Query validation failed for 'SELECT e FROM Emi e WHERE e.emiStatus = 'PENDING' AND e.dueDate <= (CURRENT_DATE() + 3)'
	at org.springframework.beans.factory.support.ConstructorResolver.createArgumentArray(ConstructorResolver.java:804) ~[spring-beans-7.0.6.jar:7.0.6]
	at org.springframework.beans.factory.support.ConstructorResolver.autowireConstructor(ConstructorResolver.java:240) ~[spring-beans-7.0.6.jar:7.0.6]
	at org.springframework.beans.factory.support.AbstractAutowireCapableBeanFactory.autowireConstructor(AbstractAutowireCapableBeanFactory.java:1382) ~[spring-beans-7.0.6.jar:7.0.6]
	at org.springframework.beans.factory.support.AbstractAutowireCapableBeanFactory.createBeanInstance(AbstractAutowireCapableBeanFactory.java:1221) ~[spring-beans-7.0.6.jar:7.0.6]
	at org.springframework.beans.factory.support.AbstractAutowireCapableBeanFactory.doCreateBean(AbstractAutowireCapableBeanFactory.java:565) ~[spring-beans-7.0.6.jar:7.0.6]
	at org.springframework.beans.factory.support.AbstractAutowireCapableBeanFactory.createBean(AbstractAutowireCapableBeanFactory.java:525) ~[spring-beans-7.0.6.jar:7.0.6]
	at org.springframework.beans.factory.support.AbstractBeanFactory.lambda$doGetBean$0(AbstractBeanFactory.java:333) ~[spring-beans-7.0.6.jar:7.0.6]
	at org.springframework.beans.factory.support.DefaultSingletonBeanRegistry.getSingleton(DefaultSingletonBeanRegistry.java:371) ~[spring-beans-7.0.6.jar:7.0.6]
	at org.springframework.beans.factory.support.AbstractBeanFactory.doGetBean(AbstractBeanFactory.java:331) ~[spring-beans-7.0.6.jar:7.0.6]
	at org.springframework.beans.factory.support.AbstractBeanFactory.getBean(AbstractBeanFactory.java:196) ~[spring-beans-7.0.6.jar:7.0.6]
	at org.springframework.beans.factory.support.DefaultListableBeanFactory.instantiateSingleton(DefaultListableBeanFactory.java:1218) ~[spring-beans-7.0.6.jar:7.0.6]
	at org.springframework.beans.factory.support.DefaultListableBeanFactory.preInstantiateSingleton(DefaultListableBeanFactory.java:1184) ~[spring-beans-7.0.6.jar:7.0.6]
	at org.springframework.beans.factory.support.DefaultListableBeanFactory.preInstantiateSingletons(DefaultListableBeanFactory.java:1121) ~[spring-beans-7.0.6.jar:7.0.6]
	at org.springframework.context.support.AbstractApplicationContext.finishBeanFactoryInitialization(AbstractApplicationContext.java:994) ~[spring-context-7.0.6.jar:7.0.6]
	at org.springframework.context.support.AbstractApplicationContext.refresh(AbstractApplicationContext.java:621) ~[spring-context-7.0.6.jar:7.0.6]
	at org.springframework.boot.SpringApplication.refresh(SpringApplication.java:756) ~[spring-boot-4.0.4.jar:4.0.4]
	at org.springframework.boot.SpringApplication.refreshContext(SpringApplication.java:445) ~[spring-boot-4.0.4.jar:4.0.4]
	at org.springframework.boot.SpringApplication.run(SpringApplication.java:321) ~[spring-boot-4.0.4.jar:4.0.4]
	at org.springframework.boot.test.context.SpringBootContextLoader.lambda$loadContext$2(SpringBootContextLoader.java:155) ~[spring-boot-test-4.0.4.jar:4.0.4]
	at org.springframework.util.function.ThrowingSupplier.get(ThrowingSupplier.java:58) ~[spring-core-7.0.6.jar:7.0.6]
	at org.springframework.util.function.ThrowingSupplier.get(ThrowingSupplier.java:46) ~[spring-core-7.0.6.jar:7.0.6]
	at org.springframework.boot.SpringApplication.withHook(SpringApplication.java:1465) ~[spring-boot-4.0.4.jar:4.0.4]
	at org.springframework.boot.test.context.SpringBootContextLoader$ContextLoaderHook.run(SpringBootContextLoader.java:600) ~[spring-boot-test-4.0.4.jar:4.0.4]
	at org.springframework.boot.test.context.SpringBootContextLoader.loadContext(SpringBootContextLoader.java:155) ~[spring-boot-test-4.0.4.jar:4.0.4]
	at org.springframework.boot.test.context.SpringBootContextLoader.loadContext(SpringBootContextLoader.java:114) ~[spring-boot-test-4.0.4.jar:4.0.4]
	at org.springframework.test.context.cache.DefaultCacheAwareContextLoaderDelegate.loadContextInternal(DefaultCacheAwareContextLoaderDelegate.java:247) ~[spring-test-7.0.6.jar:7.0.6]
	at org.springframework.test.context.cache.DefaultCacheAwareContextLoaderDelegate.lambda$loadContext$0(DefaultCacheAwareContextLoaderDelegate.java:167) ~[spring-test-7.0.6.jar:7.0.6]
	... 86 common frames omitted
Caused by: org.springframework.beans.factory.UnsatisfiedDependencyException: Error creating bean with name 'borrowerServiceImpl' defined in file [C:\Users\Rahul.Dave\Desktop\loanEmiSchedular\target\classes\com\tss\loanEmiSchedular\service\impl\BorrowerServiceImpl.class]: Unsatisfied dependency expressed through constructor parameter 1: Error creating bean with name 'emiRepository' defined in com.tss.loanEmiSchedular.repository.EmiRepository defined in @EnableJpaRepositories declared on DataJpaRepositoriesRegistrar.EnableJpaRepositoriesConfiguration: Query validation failed for 'SELECT e FROM Emi e WHERE e.emiStatus = 'PENDING' AND e.dueDate <= (CURRENT_DATE() + 3)'
	at org.springframework.beans.factory.support.ConstructorResolver.createArgumentArray(ConstructorResolver.java:804) ~[spring-beans-7.0.6.jar:7.0.6]
	at org.springframework.beans.factory.support.ConstructorResolver.autowireConstructor(ConstructorResolver.java:240) ~[spring-beans-7.0.6.jar:7.0.6]
	at org.springframework.beans.factory.support.AbstractAutowireCapableBeanFactory.autowireConstructor(AbstractAutowireCapableBeanFactory.java:1382) ~[spring-beans-7.0.6.jar:7.0.6]
	at org.springframework.beans.factory.support.AbstractAutowireCapableBeanFactory.createBeanInstance(AbstractAutowireCapableBeanFactory.java:1221) ~[spring-beans-7.0.6.jar:7.0.6]
	at org.springframework.beans.factory.support.AbstractAutowireCapableBeanFactory.doCreateBean(AbstractAutowireCapableBeanFactory.java:565) ~[spring-beans-7.0.6.jar:7.0.6]
	at org.springframework.beans.factory.support.AbstractAutowireCapableBeanFactory.createBean(AbstractAutowireCapableBeanFactory.java:525) ~[spring-beans-7.0.6.jar:7.0.6]
	at org.springframework.beans.factory.support.AbstractBeanFactory.lambda$doGetBean$0(AbstractBeanFactory.java:333) ~[spring-beans-7.0.6.jar:7.0.6]
	at org.springframework.beans.factory.support.DefaultSingletonBeanRegistry.getSingleton(DefaultSingletonBeanRegistry.java:371) ~[spring-beans-7.0.6.jar:7.0.6]
	at org.springframework.beans.factory.support.AbstractBeanFactory.doGetBean(AbstractBeanFactory.java:331) ~[spring-beans-7.0.6.jar:7.0.6]
	at org.springframework.beans.factory.support.AbstractBeanFactory.getBean(AbstractBeanFactory.java:201) ~[spring-beans-7.0.6.jar:7.0.6]
	at org.springframework.beans.factory.config.DependencyDescriptor.resolveCandidate(DependencyDescriptor.java:229) ~[spring-beans-7.0.6.jar:7.0.6]
	at org.springframework.beans.factory.support.DefaultListableBeanFactory.doResolveDependency(DefaultListableBeanFactory.java:1762) ~[spring-beans-7.0.6.jar:7.0.6]
	at org.springframework.beans.factory.support.DefaultListableBeanFactory.resolveDependency(DefaultListableBeanFactory.java:1651) ~[spring-beans-7.0.6.jar:7.0.6]
	at org.springframework.beans.factory.support.ConstructorResolver.resolveAutowiredArgument(ConstructorResolver.java:912) ~[spring-beans-7.0.6.jar:7.0.6]
	at org.springframework.beans.factory.support.ConstructorResolver.createArgumentArray(ConstructorResolver.java:791) ~[spring-beans-7.0.6.jar:7.0.6]
	... 112 common frames omitted
Caused by: org.springframework.beans.factory.BeanCreationException: Error creating bean with name 'emiRepository' defined in com.tss.loanEmiSchedular.repository.EmiRepository defined in @EnableJpaRepositories declared on DataJpaRepositoriesRegistrar.EnableJpaRepositoriesConfiguration: Query validation failed for 'SELECT e FROM Emi e WHERE e.emiStatus = 'PENDING' AND e.dueDate <= (CURRENT_DATE() + 3)'
	at org.springframework.beans.factory.support.AbstractAutowireCapableBeanFactory.initializeBean(AbstractAutowireCapableBeanFactory.java:1817) ~[spring-beans-7.0.6.jar:7.0.6]
	at org.springframework.beans.factory.support.AbstractAutowireCapableBeanFactory.doCreateBean(AbstractAutowireCapableBeanFactory.java:603) ~[spring-beans-7.0.6.jar:7.0.6]
	at org.springframework.beans.factory.support.AbstractAutowireCapableBeanFactory.createBean(AbstractAutowireCapableBeanFactory.java:525) ~[spring-beans-7.0.6.jar:7.0.6]
	at org.springframework.beans.factory.support.AbstractBeanFactory.lambda$doGetBean$0(AbstractBeanFactory.java:333) ~[spring-beans-7.0.6.jar:7.0.6]
	at org.springframework.beans.factory.support.DefaultSingletonBeanRegistry.getSingleton(DefaultSingletonBeanRegistry.java:371) ~[spring-beans-7.0.6.jar:7.0.6]
	at org.springframework.beans.factory.support.AbstractBeanFactory.doGetBean(AbstractBeanFactory.java:331) ~[spring-beans-7.0.6.jar:7.0.6]
	at org.springframework.beans.factory.support.AbstractBeanFactory.getBean(AbstractBeanFactory.java:201) ~[spring-beans-7.0.6.jar:7.0.6]
	at org.springframework.beans.factory.support.DefaultListableBeanFactory.resolveBean(DefaultListableBeanFactory.java:1225) ~[spring-beans-7.0.6.jar:7.0.6]
	at org.springframework.beans.factory.support.DefaultListableBeanFactory.doResolveDependency(DefaultListableBeanFactory.java:1704) ~[spring-beans-7.0.6.jar:7.0.6]
	at org.springframework.beans.factory.support.DefaultListableBeanFactory.resolveDependency(DefaultListableBeanFactory.java:1651) ~[spring-beans-7.0.6.jar:7.0.6]
	at org.springframework.beans.factory.support.ConstructorResolver.resolveAutowiredArgument(ConstructorResolver.java:912) ~[spring-beans-7.0.6.jar:7.0.6]
	at org.springframework.beans.factory.support.ConstructorResolver.createArgumentArray(ConstructorResolver.java:791) ~[spring-beans-7.0.6.jar:7.0.6]
	... 126 common frames omitted
Caused by: org.springframework.data.repository.query.QueryCreationException: Cannot create query for method [EmiRepository.findAllPendingEmisForPaymentReminder()]; Query validation failed for 'SELECT e FROM Emi e WHERE e.emiStatus = 'PENDING' AND e.dueDate <= (CURRENT_DATE() + 3)'
	at org.springframework.data.repository.query.QueryCreationException.create(QueryCreationException.java:139) ~[spring-data-commons-4.0.4.jar:4.0.4]
	at org.springframework.data.repository.query.QueryCreationException.create(QueryCreationException.java:124) ~[spring-data-commons-4.0.4.jar:4.0.4]
	at org.springframework.data.jpa.repository.query.SimpleJpaQuery.validateQuery(SimpleJpaQuery.java:78) ~[spring-data-jpa-4.0.4.jar:4.0.4]
	at org.springframework.data.jpa.repository.query.SimpleJpaQuery.<init>(SimpleJpaQuery.java:52) ~[spring-data-jpa-4.0.4.jar:4.0.4]
	at org.springframework.data.jpa.repository.query.JpaQueryLookupStrategy$DeclaredQueryLookupStrategy.createStringQuery(JpaQueryLookupStrategy.java:228) ~[spring-data-jpa-4.0.4.jar:4.0.4]
	at org.springframework.data.jpa.repository.query.JpaQueryLookupStrategy$DeclaredQueryLookupStrategy.resolveQuery(JpaQueryLookupStrategy.java:160) ~[spring-data-jpa-4.0.4.jar:4.0.4]
	at org.springframework.data.jpa.repository.query.JpaQueryLookupStrategy$CreateIfNotFoundQueryLookupStrategy.resolveQuery(JpaQueryLookupStrategy.java:285) ~[spring-data-jpa-4.0.4.jar:4.0.4]
	at org.springframework.data.jpa.repository.query.JpaQueryLookupStrategy$AbstractQueryLookupStrategy.resolveQuery(JpaQueryLookupStrategy.java:93) ~[spring-data-jpa-4.0.4.jar:4.0.4]
	at org.springframework.data.repository.core.support.QueryExecutorMethodInterceptor.lookupQuery(QueryExecutorMethodInterceptor.java:114) ~[spring-data-commons-4.0.4.jar:4.0.4]
	at org.springframework.data.repository.core.support.QueryExecutorMethodInterceptor.mapMethodsToQuery(QueryExecutorMethodInterceptor.java:102) ~[spring-data-commons-4.0.4.jar:4.0.4]
	at org.springframework.data.repository.core.support.QueryExecutorMethodInterceptor.<init>(QueryExecutorMethodInterceptor.java:90) ~[spring-data-commons-4.0.4.jar:4.0.4]
	at org.springframework.data.repository.core.support.RepositoryFactorySupport.getRepository(RepositoryFactorySupport.java:413) ~[spring-data-commons-4.0.4.jar:4.0.4]
	at org.springframework.data.repository.core.support.RepositoryFactoryBeanSupport.lambda$afterPropertiesSet$1(RepositoryFactoryBeanSupport.java:361) ~[spring-data-commons-4.0.4.jar:4.0.4]
	at org.springframework.data.util.Lazy.getNullable(Lazy.java:136) ~[spring-data-commons-4.0.4.jar:4.0.4]
	at org.springframework.data.util.Lazy.get(Lazy.java:114) ~[spring-data-commons-4.0.4.jar:4.0.4]
	at org.springframework.data.repository.core.support.RepositoryFactoryBeanSupport.afterPropertiesSet(RepositoryFactoryBeanSupport.java:370) ~[spring-data-commons-4.0.4.jar:4.0.4]
	at org.springframework.data.jpa.repository.support.JpaRepositoryFactoryBean.afterPropertiesSet(JpaRepositoryFactoryBean.java:212) ~[spring-data-jpa-4.0.4.jar:4.0.4]
	at org.springframework.beans.factory.support.AbstractAutowireCapableBeanFactory.invokeInitMethods(AbstractAutowireCapableBeanFactory.java:1864) ~[spring-beans-7.0.6.jar:7.0.6]
	at org.springframework.beans.factory.support.AbstractAutowireCapableBeanFactory.initializeBean(AbstractAutowireCapableBeanFactory.java:1813) ~[spring-beans-7.0.6.jar:7.0.6]
	... 137 common frames omitted
Caused by: java.lang.IllegalArgumentException: org.hibernate.query.SemanticException: Operand of + is of type 'java.lang.Integer' which is not a temporal amount (it is not an instance of 'java.time.TemporalAmount')
	at org.hibernate.internal.ExceptionConverterImpl.convert(ExceptionConverterImpl.java:129) ~[hibernate-core-7.2.7.Final.jar:7.2.7.Final]
	at org.hibernate.internal.ExceptionConverterImpl.convert(ExceptionConverterImpl.java:168) ~[hibernate-core-7.2.7.Final.jar:7.2.7.Final]
	at org.hibernate.internal.ExceptionConverterImpl.convert(ExceptionConverterImpl.java:174) ~[hibernate-core-7.2.7.Final.jar:7.2.7.Final]
	at org.hibernate.internal.AbstractSharedSessionContract.createQuery(AbstractSharedSessionContract.java:1010) ~[hibernate-core-7.2.7.Final.jar:7.2.7.Final]
	at org.hibernate.internal.SessionImpl.createQuery(SessionImpl.java:155) ~[hibernate-core-7.2.7.Final.jar:7.2.7.Final]
	at org.hibernate.internal.AbstractSharedSessionContract.createQuery(AbstractSharedSessionContract.java:919) ~[hibernate-core-7.2.7.Final.jar:7.2.7.Final]
	at org.hibernate.internal.SessionImpl.createQuery(SessionImpl.java:155) ~[hibernate-core-7.2.7.Final.jar:7.2.7.Final]
	at org.hibernate.internal.AbstractSharedSessionContract.createQuery(AbstractSharedSessionContract.java:142) ~[hibernate-core-7.2.7.Final.jar:7.2.7.Final]
	at java.base/jdk.internal.reflect.DirectMethodHandleAccessor.invoke(DirectMethodHandleAccessor.java:104) ~[na:na]
	at java.base/java.lang.reflect.Method.invoke(Method.java:577) ~[na:na]
	at org.springframework.orm.jpa.ExtendedEntityManagerCreator$ExtendedEntityManagerInvocationHandler.invoke(ExtendedEntityManagerCreator.java:362) ~[spring-orm-7.0.6.jar:7.0.6]
	at jdk.proxy2/jdk.proxy2.$Proxy159.createQuery(Unknown Source) ~[na:na]
	at org.springframework.data.jpa.repository.query.SimpleJpaQuery.validateQuery(SimpleJpaQuery.java:73) ~[spring-data-jpa-4.0.4.jar:4.0.4]
	... 153 common frames omitted
Caused by: org.hibernate.query.SemanticException: Operand of + is of type 'java.lang.Integer' which is not a temporal amount (it is not an instance of 'java.time.TemporalAmount')
	at org.hibernate.query.sqm.internal.TypecheckUtil.assertOperable(TypecheckUtil.java:561) ~[hibernate-core-7.2.7.Final.jar:7.2.7.Final]
	at org.hibernate.query.hql.internal.SemanticQueryBuilder.visitAdditionExpression(SemanticQueryBuilder.java:3656) ~[hibernate-core-7.2.7.Final.jar:7.2.7.Final]
	at org.hibernate.grammars.hql.HqlParser$AdditionExpressionContext.accept(HqlParser.java:7252) ~[hibernate-core-7.2.7.Final.jar:7.2.7.Final]
	at org.hibernate.query.hql.internal.SemanticQueryBuilder.visitGroupedExpression(SemanticQueryBuilder.java:3734) ~[hibernate-core-7.2.7.Final.jar:7.2.7.Final]
	at org.hibernate.grammars.hql.HqlParser$GroupedExpressionContext.accept(HqlParser.java:7370) ~[hibernate-core-7.2.7.Final.jar:7.2.7.Final]
	at org.hibernate.query.hql.internal.SemanticQueryBuilder.createComparisonPredicate(SemanticQueryBuilder.java:2557) ~[hibernate-core-7.2.7.Final.jar:7.2.7.Final]
	at org.hibernate.query.hql.internal.SemanticQueryBuilder.visitBinaryExpressionPredicate(SemanticQueryBuilder.java:2515) ~[hibernate-core-7.2.7.Final.jar:7.2.7.Final]
	at org.hibernate.query.hql.internal.SemanticQueryBuilder.visitBinaryExpressionPredicate(SemanticQueryBuilder.java:246) ~[hibernate-core-7.2.7.Final.jar:7.2.7.Final]
	at org.hibernate.grammars.hql.HqlParser$BinaryExpressionPredicateContext.accept(HqlParser.java:6218) ~[hibernate-core-7.2.7.Final.jar:7.2.7.Final]
	at org.hibernate.query.hql.internal.SemanticQueryBuilder.visitAndPredicate(SemanticQueryBuilder.java:2353) ~[hibernate-core-7.2.7.Final.jar:7.2.7.Final]
	at org.hibernate.query.hql.internal.SemanticQueryBuilder.visitAndPredicate(SemanticQueryBuilder.java:246) ~[hibernate-core-7.2.7.Final.jar:7.2.7.Final]
	at org.hibernate.grammars.hql.HqlParser$AndPredicateContext.accept(HqlParser.java:6315) ~[hibernate-core-7.2.7.Final.jar:7.2.7.Final]
	at org.hibernate.query.hql.internal.SemanticQueryBuilder.visitWhereClause(SemanticQueryBuilder.java:2336) ~[hibernate-core-7.2.7.Final.jar:7.2.7.Final]
	at org.hibernate.query.hql.internal.SemanticQueryBuilder.visitWhereClause(SemanticQueryBuilder.java:246) ~[hibernate-core-7.2.7.Final.jar:7.2.7.Final]
	at org.hibernate.grammars.hql.HqlParser$WhereClauseContext.accept(HqlParser.java:6146) ~[hibernate-core-7.2.7.Final.jar:7.2.7.Final]
	at org.hibernate.query.hql.internal.SemanticQueryBuilder.visitQuery(SemanticQueryBuilder.java:1162) ~[hibernate-core-7.2.7.Final.jar:7.2.7.Final]
	at org.hibernate.query.hql.internal.SemanticQueryBuilder.visitQuerySpecExpression(SemanticQueryBuilder.java:955) ~[hibernate-core-7.2.7.Final.jar:7.2.7.Final]
	at org.hibernate.query.hql.internal.SemanticQueryBuilder.visitQuerySpecExpression(SemanticQueryBuilder.java:246) ~[hibernate-core-7.2.7.Final.jar:7.2.7.Final]
	at org.hibernate.grammars.hql.HqlParser$QuerySpecExpressionContext.accept(HqlParser.java:2113) ~[hibernate-core-7.2.7.Final.jar:7.2.7.Final]
	at org.hibernate.query.hql.internal.SemanticQueryBuilder.visitQueryExpression(SemanticQueryBuilder.java:984) ~[hibernate-core-7.2.7.Final.jar:7.2.7.Final]
	at org.hibernate.query.hql.internal.SemanticQueryBuilder.visitQueryExpression(SemanticQueryBuilder.java:246) ~[hibernate-core-7.2.7.Final.jar:7.2.7.Final]
	at org.hibernate.grammars.hql.HqlParser$QueryExpressionContext.accept(HqlParser.java:2003) ~[hibernate-core-7.2.7.Final.jar:7.2.7.Final]
	at org.hibernate.query.hql.internal.SemanticQueryBuilder.visitSelectStatement(SemanticQueryBuilder.java:471) ~[hibernate-core-7.2.7.Final.jar:7.2.7.Final]
	at org.hibernate.query.hql.internal.SemanticQueryBuilder.visitStatement(SemanticQueryBuilder.java:430) ~[hibernate-core-7.2.7.Final.jar:7.2.7.Final]
	at org.hibernate.query.hql.internal.SemanticQueryBuilder.buildSemanticModel(SemanticQueryBuilder.java:291) ~[hibernate-core-7.2.7.Final.jar:7.2.7.Final]
	at org.hibernate.query.hql.internal.StandardHqlTranslator.translate(StandardHqlTranslator.java:64) ~[hibernate-core-7.2.7.Final.jar:7.2.7.Final]
	at org.hibernate.query.internal.QueryInterpretationCacheStandardImpl.createHqlInterpretation(QueryInterpretationCacheStandardImpl.java:165) ~[hibernate-core-7.2.7.Final.jar:7.2.7.Final]
	at org.hibernate.query.internal.QueryInterpretationCacheStandardImpl.resolveHqlInterpretation(QueryInterpretationCacheStandardImpl.java:147) ~[hibernate-core-7.2.7.Final.jar:7.2.7.Final]
	at org.hibernate.query.spi.QueryEngine.interpretHql(QueryEngine.java:61) ~[hibernate-core-7.2.7.Final.jar:7.2.7.Final]
	at org.hibernate.internal.AbstractSharedSessionContract.interpretHql(AbstractSharedSessionContract.java:951) ~[hibernate-core-7.2.7.Final.jar:7.2.7.Final]
	at org.hibernate.internal.AbstractSharedSessionContract.createQuery(AbstractSharedSessionContract.java:1002) ~[hibernate-core-7.2.7.Final.jar:7.2.7.Final]
	... 162 common frames omitted

2026-04-01T22:16:26.060+05:30  INFO 6224 --- [loanEmiSchedular] [main] c.t.l.service.impl.LoanServiceImpl       : Applying loan for user: test@mail.com
2026-04-01T22:16:26.073+05:30  INFO 6224 --- [loanEmiSchedular] [main] c.t.l.service.impl.LoanServiceImpl       : Loan applied of user: test@mail.com
2026-04-01T22:16:26.074+05:30  INFO 6224 --- [loanEmiSchedular] [main] c.t.l.service.impl.LoanServiceImpl       : Final dti of user is >40 , So Loan Rejected
2026-04-01T22:16:26.123+05:30  INFO 6224 --- [loanEmiSchedular] [main] c.t.l.service.impl.LoanServiceImpl       : Applying loan for user: test@mail.com
2026-04-01T22:16:26.134+05:30  INFO 6224 --- [loanEmiSchedular] [main] c.t.l.service.impl.LoanServiceImpl       : Applying loan for user: test@mail.com
2026-04-01T22:16:26.151+05:30  INFO 6224 --- [loanEmiSchedular] [main] c.t.l.service.impl.LoanServiceImpl       : Applying loan for user: test@mail.com
2026-04-01T22:16:26.157+05:30  INFO 6224 --- [loanEmiSchedular] [main] c.t.l.service.impl.LoanServiceImpl       : Loan applied of user: test@mail.com
2026-04-01T22:16:26.184+05:30  INFO 6224 --- [loanEmiSchedular] [main] c.t.l.service.impl.LoanServiceImpl       : Applying loan for user: test@mail.com
2026-04-01T22:16:26.190+05:30 ERROR 6224 --- [loanEmiSchedular] [main] c.t.l.service.impl.LoanServiceImpl       : Error while applying loan, KYC not done
2026-04-01T22:16:26.580+05:30  INFO 6224 --- [loanEmiSchedular] [main] c.t.l.service.impl.PaymentServiceImpl    : EMI #1 paid for loan null. TxnId: TXN-208B0F2D-C63
2026-04-01T22:20:27.525+05:30  INFO 18992 --- [loanEmiSchedular] [main] c.t.l.LoanEmiSchedularApplicationTests   : Starting LoanEmiSchedularApplicationTests using Java 18.0.2.1 with PID 18992 (started by Rahul.Dave in C:\Users\Rahul.Dave\Desktop\loanEmiSchedular)
2026-04-01T22:20:27.527+05:30 DEBUG 18992 --- [loanEmiSchedular] [main] c.t.l.LoanEmiSchedularApplicationTests   : Running with Spring Boot v4.0.4, Spring v7.0.6
2026-04-01T22:20:27.528+05:30  INFO 18992 --- [loanEmiSchedular] [main] c.t.l.LoanEmiSchedularApplicationTests   : No active profile set, falling back to 1 default profile: "default"
2026-04-01T22:20:28.497+05:30  INFO 18992 --- [loanEmiSchedular] [main] .s.d.r.c.RepositoryConfigurationDelegate : Bootstrapping Spring Data JPA repositories in DEFAULT mode.
2026-04-01T22:20:28.588+05:30  INFO 18992 --- [loanEmiSchedular] [main] .s.d.r.c.RepositoryConfigurationDelegate : Finished Spring Data repository scanning in 71 ms. Found 7 JPA repository interfaces.
2026-04-01T22:20:29.503+05:30  INFO 18992 --- [loanEmiSchedular] [main] org.hibernate.orm.jpa                    : HHH008540: Processing PersistenceUnitInfo [name: default]
2026-04-01T22:20:29.604+05:30  INFO 18992 --- [loanEmiSchedular] [main] org.hibernate.orm.core                   : HHH000001: Hibernate ORM core version 7.2.7.Final
2026-04-01T22:20:30.339+05:30  INFO 18992 --- [loanEmiSchedular] [main] o.s.o.j.p.SpringPersistenceUnitInfo      : No LoadTimeWeaver setup: ignoring JPA class transformer
2026-04-01T22:20:30.368+05:30  INFO 18992 --- [loanEmiSchedular] [main] com.zaxxer.hikari.HikariDataSource       : HikariPool-1 - Starting...
2026-04-01T22:20:30.593+05:30  INFO 18992 --- [loanEmiSchedular] [main] com.zaxxer.hikari.pool.HikariPool        : HikariPool-1 - Added connection org.postgresql.jdbc.PgConnection@4177d422
2026-04-01T22:20:30.596+05:30  INFO 18992 --- [loanEmiSchedular] [main] com.zaxxer.hikari.HikariDataSource       : HikariPool-1 - Start completed.
2026-04-01T22:20:30.703+05:30  INFO 18992 --- [loanEmiSchedular] [main] org.hibernate.orm.connections.pooling    : HHH10001005: Database info:
	Database JDBC URL [jdbc:postgresql://localhost:5432/loanEmiSchedular]
	Database driver: PostgreSQL JDBC Driver
	Database dialect: PostgreSQLDialect
	Database version: 18.3
	Default catalog/schema: loanEmiSchedular/public
	Autocommit mode: undefined/unknown
	Isolation level: READ_COMMITTED [default READ_COMMITTED]
	JDBC fetch size: none
	Pool: DataSourceConnectionProvider
	Minimum pool size: undefined/unknown
	Maximum pool size: undefined/unknown
2026-04-01T22:20:32.139+05:30  INFO 18992 --- [loanEmiSchedular] [main] org.hibernate.orm.core                   : HHH000489: No JTA platform available (set 'hibernate.transaction.jta.platform' to enable JTA platform integration)
2026-04-01T22:20:32.238+05:30  INFO 18992 --- [loanEmiSchedular] [main] j.LocalContainerEntityManagerFactoryBean : Initialized JPA EntityManagerFactory for persistence unit 'default'
2026-04-01T22:20:32.444+05:30  INFO 18992 --- [loanEmiSchedular] [main] o.s.d.j.r.query.QueryEnhancerFactories   : Hibernate is in classpath; If applicable, HQL parser will be used.
2026-04-01T22:20:33.948+05:30  WARN 18992 --- [loanEmiSchedular] [main] JpaBaseConfiguration$JpaWebConfiguration : spring.jpa.open-in-view is enabled by default. Therefore, database queries may be performed during view rendering. Explicitly configure spring.jpa.open-in-view to disable this warning
2026-04-01T22:20:34.141+05:30  WARN 18992 --- [loanEmiSchedular] [main] .s.a.UserDetailsServiceAutoConfiguration : 

Using generated security password: 1576cd41-5810-47ab-90fb-5959562301e6

This generated password is for development use only. Your security configuration must be updated before running your application in production.

2026-04-01T22:20:34.151+05:30  INFO 18992 --- [loanEmiSchedular] [main] r$InitializeUserDetailsManagerConfigurer : Global AuthenticationManager configured with UserDetailsService bean with name inMemoryUserDetailsManager
2026-04-01T22:20:34.915+05:30  INFO 18992 --- [loanEmiSchedular] [main] c.t.l.LoanEmiSchedularApplicationTests   : Started LoanEmiSchedularApplicationTests in 7.721 seconds (process running for 9.054)
2026-04-01T22:20:36.185+05:30  INFO 18992 --- [loanEmiSchedular] [main] c.t.l.service.impl.LoanServiceImpl       : Applying loan for user: test@mail.com
2026-04-01T22:20:36.196+05:30  INFO 18992 --- [loanEmiSchedular] [main] c.t.l.service.impl.LoanServiceImpl       : Loan applied of user: test@mail.com
2026-04-01T22:20:36.198+05:30  INFO 18992 --- [loanEmiSchedular] [main] c.t.l.service.impl.LoanServiceImpl       : Final dti of user is >40 , So Loan Rejected
2026-04-01T22:20:36.237+05:30  INFO 18992 --- [loanEmiSchedular] [main] c.t.l.service.impl.LoanServiceImpl       : Applying loan for user: test@mail.com
2026-04-01T22:20:36.250+05:30  INFO 18992 --- [loanEmiSchedular] [main] c.t.l.service.impl.LoanServiceImpl       : Applying loan for user: test@mail.com
2026-04-01T22:20:36.267+05:30  INFO 18992 --- [loanEmiSchedular] [main] c.t.l.service.impl.LoanServiceImpl       : Applying loan for user: test@mail.com
2026-04-01T22:20:36.270+05:30  INFO 18992 --- [loanEmiSchedular] [main] c.t.l.service.impl.LoanServiceImpl       : Loan applied of user: test@mail.com
2026-04-01T22:20:36.288+05:30  INFO 18992 --- [loanEmiSchedular] [main] c.t.l.service.impl.LoanServiceImpl       : Applying loan for user: test@mail.com
2026-04-01T22:20:36.289+05:30 ERROR 18992 --- [loanEmiSchedular] [main] c.t.l.service.impl.LoanServiceImpl       : Error while applying loan, KYC not done
2026-04-01T22:20:36.771+05:30  INFO 18992 --- [loanEmiSchedular] [main] c.t.l.service.impl.PaymentServiceImpl    : EMI #1 paid for loan null. TxnId: TXN-9E7D9C18-EB0
2026-04-01T22:20:36.945+05:30  INFO 18992 --- [loanEmiSchedular] [SpringApplicationShutdownHook] j.LocalContainerEntityManagerFactoryBean : Closing JPA EntityManagerFactory for persistence unit 'default'
2026-04-01T22:20:36.951+05:30  INFO 18992 --- [loanEmiSchedular] [SpringApplicationShutdownHook] com.zaxxer.hikari.HikariDataSource       : HikariPool-1 - Shutdown initiated...
2026-04-01T22:20:36.971+05:30  INFO 18992 --- [loanEmiSchedular] [SpringApplicationShutdownHook] com.zaxxer.hikari.HikariDataSource       : HikariPool-1 - Shutdown completed.
2026-04-01T22:20:49.958+05:30  INFO 21640 --- [loanEmiSchedular] [restartedMain] c.t.l.LoanEmiSchedularApplication        : Starting LoanEmiSchedularApplication using Java 18.0.2.1 with PID 21640 (C:\Users\Rahul.Dave\Desktop\loanEmiSchedular\target\classes started by Rahul.Dave in C:\Users\Rahul.Dave\Desktop\loanEmiSchedular)
2026-04-01T22:20:49.962+05:30 DEBUG 21640 --- [loanEmiSchedular] [restartedMain] c.t.l.LoanEmiSchedularApplication        : Running with Spring Boot v4.0.4, Spring v7.0.6
2026-04-01T22:20:49.963+05:30  INFO 21640 --- [loanEmiSchedular] [restartedMain] c.t.l.LoanEmiSchedularApplication        : No active profile set, falling back to 1 default profile: "default"
2026-04-01T22:20:50.018+05:30  INFO 21640 --- [loanEmiSchedular] [restartedMain] .e.DevToolsPropertyDefaultsPostProcessor : Devtools property defaults active! Set 'spring.devtools.add-properties' to 'false' to disable
2026-04-01T22:20:50.018+05:30  INFO 21640 --- [loanEmiSchedular] [restartedMain] .e.DevToolsPropertyDefaultsPostProcessor : For additional web related logging consider setting the 'logging.level.web' property to 'DEBUG'
2026-04-01T22:20:50.722+05:30  INFO 21640 --- [loanEmiSchedular] [restartedMain] .s.d.r.c.RepositoryConfigurationDelegate : Bootstrapping Spring Data JPA repositories in DEFAULT mode.
2026-04-01T22:20:50.784+05:30  INFO 21640 --- [loanEmiSchedular] [restartedMain] .s.d.r.c.RepositoryConfigurationDelegate : Finished Spring Data repository scanning in 55 ms. Found 7 JPA repository interfaces.
2026-04-01T22:20:51.313+05:30  INFO 21640 --- [loanEmiSchedular] [restartedMain] o.s.boot.tomcat.TomcatWebServer          : Tomcat initialized with port 8080 (http)
2026-04-01T22:20:51.326+05:30  INFO 21640 --- [loanEmiSchedular] [restartedMain] o.apache.catalina.core.StandardService   : Starting service [Tomcat]
2026-04-01T22:20:51.327+05:30  INFO 21640 --- [loanEmiSchedular] [restartedMain] o.apache.catalina.core.StandardEngine    : Starting Servlet engine: [Apache Tomcat/11.0.18]
2026-04-01T22:20:51.371+05:30  INFO 21640 --- [loanEmiSchedular] [restartedMain] b.w.c.s.WebApplicationContextInitializer : Root WebApplicationContext: initialization completed in 1352 ms
2026-04-01T22:20:51.491+05:30  INFO 21640 --- [loanEmiSchedular] [restartedMain] org.hibernate.orm.jpa                    : HHH008540: Processing PersistenceUnitInfo [name: default]
2026-04-01T22:20:51.539+05:30  INFO 21640 --- [loanEmiSchedular] [restartedMain] org.hibernate.orm.core                   : HHH000001: Hibernate ORM core version 7.2.7.Final
2026-04-01T22:20:51.918+05:30  INFO 21640 --- [loanEmiSchedular] [restartedMain] o.s.o.j.p.SpringPersistenceUnitInfo      : No LoadTimeWeaver setup: ignoring JPA class transformer
2026-04-01T22:20:51.945+05:30  INFO 21640 --- [loanEmiSchedular] [restartedMain] com.zaxxer.hikari.HikariDataSource       : HikariPool-1 - Starting...
2026-04-01T22:20:52.112+05:30  INFO 21640 --- [loanEmiSchedular] [restartedMain] com.zaxxer.hikari.pool.HikariPool        : HikariPool-1 - Added connection org.postgresql.jdbc.PgConnection@62b92124
2026-04-01T22:20:52.114+05:30  INFO 21640 --- [loanEmiSchedular] [restartedMain] com.zaxxer.hikari.HikariDataSource       : HikariPool-1 - Start completed.
2026-04-01T22:20:52.181+05:30  INFO 21640 --- [loanEmiSchedular] [restartedMain] org.hibernate.orm.connections.pooling    : HHH10001005: Database info:
	Database JDBC URL [jdbc:postgresql://localhost:5432/loanEmiSchedular]
	Database driver: PostgreSQL JDBC Driver
	Database dialect: PostgreSQLDialect
	Database version: 18.3
	Default catalog/schema: loanEmiSchedular/public
	Autocommit mode: undefined/unknown
	Isolation level: READ_COMMITTED [default READ_COMMITTED]
	JDBC fetch size: none
	Pool: DataSourceConnectionProvider
	Minimum pool size: undefined/unknown
	Maximum pool size: undefined/unknown
2026-04-01T22:20:53.243+05:30  INFO 21640 --- [loanEmiSchedular] [restartedMain] org.hibernate.orm.core                   : HHH000489: No JTA platform available (set 'hibernate.transaction.jta.platform' to enable JTA platform integration)
2026-04-01T22:20:53.315+05:30  INFO 21640 --- [loanEmiSchedular] [restartedMain] j.LocalContainerEntityManagerFactoryBean : Initialized JPA EntityManagerFactory for persistence unit 'default'
2026-04-01T22:20:53.368+05:30  INFO 21640 --- [loanEmiSchedular] [restartedMain] o.s.d.j.r.query.QueryEnhancerFactories   : Hibernate is in classpath; If applicable, HQL parser will be used.
2026-04-01T22:20:53.534+05:30 DEBUG 21640 --- [loanEmiSchedular] [restartedMain] c.t.l.security.JwtAuthFilter             : Filter 'jwtAuthFilter' configured for use
2026-04-01T22:20:54.191+05:30  WARN 21640 --- [loanEmiSchedular] [restartedMain] JpaBaseConfiguration$JpaWebConfiguration : spring.jpa.open-in-view is enabled by default. Therefore, database queries may be performed during view rendering. Explicitly configure spring.jpa.open-in-view to disable this warning
2026-04-01T22:20:54.288+05:30  WARN 21640 --- [loanEmiSchedular] [restartedMain] .s.a.UserDetailsServiceAutoConfiguration : 

Using generated security password: 3c057d59-9ac5-4ed7-9cce-86f8927125c3

This generated password is for development use only. Your security configuration must be updated before running your application in production.

2026-04-01T22:20:54.294+05:30  INFO 21640 --- [loanEmiSchedular] [restartedMain] r$InitializeUserDetailsManagerConfigurer : Global AuthenticationManager configured with UserDetailsService bean with name inMemoryUserDetailsManager
2026-04-01T22:20:54.773+05:30  INFO 21640 --- [loanEmiSchedular] [restartedMain] o.s.boot.tomcat.TomcatWebServer          : Tomcat started on port 8080 (http) with context path '/'
2026-04-01T22:20:54.779+05:30  INFO 21640 --- [loanEmiSchedular] [restartedMain] c.t.l.LoanEmiSchedularApplication        : Started LoanEmiSchedularApplication in 5.457 seconds (process running for 6.146)
2026-04-01T22:21:00.012+05:30  INFO 21640 --- [loanEmiSchedular] [scheduling-1] c.t.l.service.impl.EmiServiceImpl        : EMI overdue schedular started
2026-04-01T22:21:00.064+05:30  INFO 21640 --- [loanEmiSchedular] [scheduling-1] c.t.l.service.impl.EmiServiceImpl        : Marked 0 EMIs as overdue
2026-04-01T22:21:00.096+05:30 ERROR 21640 --- [loanEmiSchedular] [scheduling-1] o.s.s.s.TaskUtils$LoggingErrorHandler    : Unexpected error occurred in scheduled task

org.hibernate.LazyInitializationException: Could not initialize proxy [com.tss.loanEmiSchedular.entity.Loan#1] - no session
	at org.hibernate.proxy.AbstractLazyInitializer.initialize(AbstractLazyInitializer.java:170) ~[hibernate-core-7.2.7.Final.jar:7.2.7.Final]
	at org.hibernate.proxy.AbstractLazyInitializer.getImplementation(AbstractLazyInitializer.java:323) ~[hibernate-core-7.2.7.Final.jar:7.2.7.Final]
	at org.hibernate.proxy.pojo.bytebuddy.ByteBuddyInterceptor.intercept(ByteBuddyInterceptor.java:42) ~[hibernate-core-7.2.7.Final.jar:7.2.7.Final]
	at org.hibernate.proxy.ProxyConfiguration$InterceptorDispatcher.intercept(ProxyConfiguration.java:95) ~[hibernate-core-7.2.7.Final.jar:7.2.7.Final]
	at com.tss.loanEmiSchedular.entity.Loan$HibernateProxy.getBorrower(Unknown Source) ~[classes/:na]
	at com.tss.loanEmiSchedular.service.impl.EmiServiceImpl.sendPaymentReminder(EmiServiceImpl.java:112) ~[classes/:na]
	at java.base/jdk.internal.reflect.DirectMethodHandleAccessor.invoke(DirectMethodHandleAccessor.java:104) ~[na:na]
	at java.base/java.lang.reflect.Method.invoke(Method.java:577) ~[na:na]
	at org.springframework.aop.support.AopUtils.invokeJoinpointUsingReflection(AopUtils.java:359) ~[spring-aop-7.0.6.jar:7.0.6]
	at org.springframework.aop.framework.CglibAopProxy$DynamicAdvisedInterceptor.intercept(CglibAopProxy.java:715) ~[spring-aop-7.0.6.jar:7.0.6]
	at com.tss.loanEmiSchedular.service.impl.EmiServiceImpl$$SpringCGLIB$$0.sendPaymentReminder(<generated>) ~[classes/:na]
	at com.tss.loanEmiSchedular.schedular.EmiSchedular.markOverdueEmis(EmiSchedular.java:18) ~[classes/:na]
	at java.base/jdk.internal.reflect.DirectMethodHandleAccessor.invoke(DirectMethodHandleAccessor.java:104) ~[na:na]
	at java.base/java.lang.reflect.Method.invoke(Method.java:577) ~[na:na]
	at org.springframework.scheduling.support.ScheduledMethodRunnable.runInternal(ScheduledMethodRunnable.java:128) ~[spring-context-7.0.6.jar:7.0.6]
	at org.springframework.scheduling.support.ScheduledMethodRunnable.lambda$run$1(ScheduledMethodRunnable.java:122) ~[spring-context-7.0.6.jar:7.0.6]
	at io.micrometer.observation.Observation.observe(Observation.java:569) ~[micrometer-observation-1.16.4.jar:1.16.4]
	at org.springframework.scheduling.support.ScheduledMethodRunnable.run(ScheduledMethodRunnable.java:122) ~[spring-context-7.0.6.jar:7.0.6]
	at org.springframework.scheduling.config.Task$OutcomeTrackingRunnable.run(Task.java:88) ~[spring-context-7.0.6.jar:7.0.6]
	at org.springframework.scheduling.support.DelegatingErrorHandlingRunnable.run(DelegatingErrorHandlingRunnable.java:54) ~[spring-context-7.0.6.jar:7.0.6]
	at org.springframework.scheduling.concurrent.ReschedulingRunnable.run(ReschedulingRunnable.java:94) ~[spring-context-7.0.6.jar:7.0.6]
	at java.base/java.util.concurrent.Executors$RunnableAdapter.call(Executors.java:539) ~[na:na]
	at java.base/java.util.concurrent.FutureTask.run(FutureTask.java:264) ~[na:na]
	at java.base/java.util.concurrent.ScheduledThreadPoolExecutor$ScheduledFutureTask.run(ScheduledThreadPoolExecutor.java:304) ~[na:na]
	at java.base/java.util.concurrent.ThreadPoolExecutor.runWorker(ThreadPoolExecutor.java:1136) ~[na:na]
	at java.base/java.util.concurrent.ThreadPoolExecutor$Worker.run(ThreadPoolExecutor.java:635) ~[na:na]
	at java.base/java.lang.Thread.run(Thread.java:833) ~[na:na]

2026-04-01T22:21:30.014+05:30  INFO 21640 --- [loanEmiSchedular] [scheduling-1] c.t.l.service.impl.EmiServiceImpl        : EMI overdue schedular started
2026-04-01T22:21:30.018+05:30  INFO 21640 --- [loanEmiSchedular] [scheduling-1] c.t.l.service.impl.EmiServiceImpl        : Marked 0 EMIs as overdue
2026-04-01T22:21:30.024+05:30 ERROR 21640 --- [loanEmiSchedular] [scheduling-1] o.s.s.s.TaskUtils$LoggingErrorHandler    : Unexpected error occurred in scheduled task

org.hibernate.LazyInitializationException: Could not initialize proxy [com.tss.loanEmiSchedular.entity.Loan#1] - no session
	at org.hibernate.proxy.AbstractLazyInitializer.initialize(AbstractLazyInitializer.java:170) ~[hibernate-core-7.2.7.Final.jar:7.2.7.Final]
	at org.hibernate.proxy.AbstractLazyInitializer.getImplementation(AbstractLazyInitializer.java:323) ~[hibernate-core-7.2.7.Final.jar:7.2.7.Final]
	at org.hibernate.proxy.pojo.bytebuddy.ByteBuddyInterceptor.intercept(ByteBuddyInterceptor.java:42) ~[hibernate-core-7.2.7.Final.jar:7.2.7.Final]
	at org.hibernate.proxy.ProxyConfiguration$InterceptorDispatcher.intercept(ProxyConfiguration.java:95) ~[hibernate-core-7.2.7.Final.jar:7.2.7.Final]
	at com.tss.loanEmiSchedular.entity.Loan$HibernateProxy.getBorrower(Unknown Source) ~[classes/:na]
	at com.tss.loanEmiSchedular.service.impl.EmiServiceImpl.sendPaymentReminder(EmiServiceImpl.java:112) ~[classes/:na]
	at java.base/jdk.internal.reflect.DirectMethodHandleAccessor.invoke(DirectMethodHandleAccessor.java:104) ~[na:na]
	at java.base/java.lang.reflect.Method.invoke(Method.java:577) ~[na:na]
	at org.springframework.aop.support.AopUtils.invokeJoinpointUsingReflection(AopUtils.java:359) ~[spring-aop-7.0.6.jar:7.0.6]
	at org.springframework.aop.framework.CglibAopProxy$DynamicAdvisedInterceptor.intercept(CglibAopProxy.java:715) ~[spring-aop-7.0.6.jar:7.0.6]
	at com.tss.loanEmiSchedular.service.impl.EmiServiceImpl$$SpringCGLIB$$0.sendPaymentReminder(<generated>) ~[classes/:na]
	at com.tss.loanEmiSchedular.schedular.EmiSchedular.markOverdueEmis(EmiSchedular.java:18) ~[classes/:na]
	at java.base/jdk.internal.reflect.DirectMethodHandleAccessor.invoke(DirectMethodHandleAccessor.java:104) ~[na:na]
	at java.base/java.lang.reflect.Method.invoke(Method.java:577) ~[na:na]
	at org.springframework.scheduling.support.ScheduledMethodRunnable.runInternal(ScheduledMethodRunnable.java:128) ~[spring-context-7.0.6.jar:7.0.6]
	at org.springframework.scheduling.support.ScheduledMethodRunnable.lambda$run$1(ScheduledMethodRunnable.java:122) ~[spring-context-7.0.6.jar:7.0.6]
	at io.micrometer.observation.Observation.observe(Observation.java:569) ~[micrometer-observation-1.16.4.jar:1.16.4]
	at org.springframework.scheduling.support.ScheduledMethodRunnable.run(ScheduledMethodRunnable.java:122) ~[spring-context-7.0.6.jar:7.0.6]
	at org.springframework.scheduling.config.Task$OutcomeTrackingRunnable.run(Task.java:88) ~[spring-context-7.0.6.jar:7.0.6]
	at org.springframework.scheduling.support.DelegatingErrorHandlingRunnable.run(DelegatingErrorHandlingRunnable.java:54) ~[spring-context-7.0.6.jar:7.0.6]
	at org.springframework.scheduling.concurrent.ReschedulingRunnable.run(ReschedulingRunnable.java:94) ~[spring-context-7.0.6.jar:7.0.6]
	at java.base/java.util.concurrent.Executors$RunnableAdapter.call(Executors.java:539) ~[na:na]
	at java.base/java.util.concurrent.FutureTask.run(FutureTask.java:264) ~[na:na]
	at java.base/java.util.concurrent.ScheduledThreadPoolExecutor$ScheduledFutureTask.run(ScheduledThreadPoolExecutor.java:304) ~[na:na]
	at java.base/java.util.concurrent.ThreadPoolExecutor.runWorker(ThreadPoolExecutor.java:1136) ~[na:na]
	at java.base/java.util.concurrent.ThreadPoolExecutor$Worker.run(ThreadPoolExecutor.java:635) ~[na:na]
	at java.base/java.lang.Thread.run(Thread.java:833) ~[na:na]

2026-04-01T22:21:34.029+05:30  INFO 21640 --- [loanEmiSchedular] [SpringApplicationShutdownHook] o.s.boot.tomcat.GracefulShutdown         : Commencing graceful shutdown. Waiting for active requests to complete
2026-04-01T22:21:34.070+05:30  INFO 21640 --- [loanEmiSchedular] [tomcat-shutdown] o.s.boot.tomcat.GracefulShutdown         : Graceful shutdown complete
2026-04-01T22:21:34.075+05:30  INFO 21640 --- [loanEmiSchedular] [SpringApplicationShutdownHook] j.LocalContainerEntityManagerFactoryBean : Closing JPA EntityManagerFactory for persistence unit 'default'
2026-04-01T22:21:34.078+05:30  INFO 21640 --- [loanEmiSchedular] [SpringApplicationShutdownHook] com.zaxxer.hikari.HikariDataSource       : HikariPool-1 - Shutdown initiated...
2026-04-01T22:21:34.081+05:30  INFO 21640 --- [loanEmiSchedular] [SpringApplicationShutdownHook] com.zaxxer.hikari.HikariDataSource       : HikariPool-1 - Shutdown completed.
2026-04-01T22:22:36.619+05:30  INFO 4460 --- [loanEmiSchedular] [restartedMain] c.t.l.LoanEmiSchedularApplication        : Starting LoanEmiSchedularApplication using Java 18.0.2.1 with PID 4460 (C:\Users\Rahul.Dave\Desktop\loanEmiSchedular\target\classes started by Rahul.Dave in C:\Users\Rahul.Dave\Desktop\loanEmiSchedular)
2026-04-01T22:22:36.622+05:30 DEBUG 4460 --- [loanEmiSchedular] [restartedMain] c.t.l.LoanEmiSchedularApplication        : Running with Spring Boot v4.0.4, Spring v7.0.6
2026-04-01T22:22:36.623+05:30  INFO 4460 --- [loanEmiSchedular] [restartedMain] c.t.l.LoanEmiSchedularApplication        : No active profile set, falling back to 1 default profile: "default"
2026-04-01T22:22:36.677+05:30  INFO 4460 --- [loanEmiSchedular] [restartedMain] .e.DevToolsPropertyDefaultsPostProcessor : Devtools property defaults active! Set 'spring.devtools.add-properties' to 'false' to disable
2026-04-01T22:22:36.678+05:30  INFO 4460 --- [loanEmiSchedular] [restartedMain] .e.DevToolsPropertyDefaultsPostProcessor : For additional web related logging consider setting the 'logging.level.web' property to 'DEBUG'
2026-04-01T22:22:37.306+05:30  INFO 4460 --- [loanEmiSchedular] [restartedMain] .s.d.r.c.RepositoryConfigurationDelegate : Bootstrapping Spring Data JPA repositories in DEFAULT mode.
2026-04-01T22:22:37.371+05:30  INFO 4460 --- [loanEmiSchedular] [restartedMain] .s.d.r.c.RepositoryConfigurationDelegate : Finished Spring Data repository scanning in 58 ms. Found 7 JPA repository interfaces.
2026-04-01T22:22:37.922+05:30  INFO 4460 --- [loanEmiSchedular] [restartedMain] o.s.boot.tomcat.TomcatWebServer          : Tomcat initialized with port 8080 (http)
2026-04-01T22:22:37.935+05:30  INFO 4460 --- [loanEmiSchedular] [restartedMain] o.apache.catalina.core.StandardService   : Starting service [Tomcat]
2026-04-01T22:22:37.935+05:30  INFO 4460 --- [loanEmiSchedular] [restartedMain] o.apache.catalina.core.StandardEngine    : Starting Servlet engine: [Apache Tomcat/11.0.18]
2026-04-01T22:22:37.976+05:30  INFO 4460 --- [loanEmiSchedular] [restartedMain] b.w.c.s.WebApplicationContextInitializer : Root WebApplicationContext: initialization completed in 1297 ms
2026-04-01T22:22:38.089+05:30  INFO 4460 --- [loanEmiSchedular] [restartedMain] org.hibernate.orm.jpa                    : HHH008540: Processing PersistenceUnitInfo [name: default]
2026-04-01T22:22:38.140+05:30  INFO 4460 --- [loanEmiSchedular] [restartedMain] org.hibernate.orm.core                   : HHH000001: Hibernate ORM core version 7.2.7.Final
2026-04-01T22:22:38.517+05:30  INFO 4460 --- [loanEmiSchedular] [restartedMain] o.s.o.j.p.SpringPersistenceUnitInfo      : No LoadTimeWeaver setup: ignoring JPA class transformer
2026-04-01T22:22:38.544+05:30  INFO 4460 --- [loanEmiSchedular] [restartedMain] com.zaxxer.hikari.HikariDataSource       : HikariPool-1 - Starting...
2026-04-01T22:22:38.710+05:30  INFO 4460 --- [loanEmiSchedular] [restartedMain] com.zaxxer.hikari.pool.HikariPool        : HikariPool-1 - Added connection org.postgresql.jdbc.PgConnection@3f19b767
2026-04-01T22:22:38.712+05:30  INFO 4460 --- [loanEmiSchedular] [restartedMain] com.zaxxer.hikari.HikariDataSource       : HikariPool-1 - Start completed.
2026-04-01T22:22:38.789+05:30  INFO 4460 --- [loanEmiSchedular] [restartedMain] org.hibernate.orm.connections.pooling    : HHH10001005: Database info:
	Database JDBC URL [jdbc:postgresql://localhost:5432/loanEmiSchedular]
	Database driver: PostgreSQL JDBC Driver
	Database dialect: PostgreSQLDialect
	Database version: 18.3
	Default catalog/schema: loanEmiSchedular/public
	Autocommit mode: undefined/unknown
	Isolation level: READ_COMMITTED [default READ_COMMITTED]
	JDBC fetch size: none
	Pool: DataSourceConnectionProvider
	Minimum pool size: undefined/unknown
	Maximum pool size: undefined/unknown
2026-04-01T22:22:39.891+05:30  INFO 4460 --- [loanEmiSchedular] [restartedMain] org.hibernate.orm.core                   : HHH000489: No JTA platform available (set 'hibernate.transaction.jta.platform' to enable JTA platform integration)
2026-04-01T22:22:39.975+05:30  INFO 4460 --- [loanEmiSchedular] [restartedMain] j.LocalContainerEntityManagerFactoryBean : Initialized JPA EntityManagerFactory for persistence unit 'default'
2026-04-01T22:22:40.040+05:30  INFO 4460 --- [loanEmiSchedular] [restartedMain] o.s.d.j.r.query.QueryEnhancerFactories   : Hibernate is in classpath; If applicable, HQL parser will be used.
2026-04-01T22:22:40.248+05:30 DEBUG 4460 --- [loanEmiSchedular] [restartedMain] c.t.l.security.JwtAuthFilter             : Filter 'jwtAuthFilter' configured for use
2026-04-01T22:22:41.056+05:30  WARN 4460 --- [loanEmiSchedular] [restartedMain] JpaBaseConfiguration$JpaWebConfiguration : spring.jpa.open-in-view is enabled by default. Therefore, database queries may be performed during view rendering. Explicitly configure spring.jpa.open-in-view to disable this warning
2026-04-01T22:22:41.181+05:30  WARN 4460 --- [loanEmiSchedular] [restartedMain] .s.a.UserDetailsServiceAutoConfiguration : 

Using generated security password: 46dfadb8-2ba7-483e-a3b2-e56d0f130d72

This generated password is for development use only. Your security configuration must be updated before running your application in production.

2026-04-01T22:22:41.189+05:30  INFO 4460 --- [loanEmiSchedular] [restartedMain] r$InitializeUserDetailsManagerConfigurer : Global AuthenticationManager configured with UserDetailsService bean with name inMemoryUserDetailsManager
2026-04-01T22:22:41.706+05:30  INFO 4460 --- [loanEmiSchedular] [restartedMain] o.s.boot.tomcat.TomcatWebServer          : Tomcat started on port 8080 (http) with context path '/'
2026-04-01T22:22:41.712+05:30  INFO 4460 --- [loanEmiSchedular] [restartedMain] c.t.l.LoanEmiSchedularApplication        : Started LoanEmiSchedularApplication in 5.518 seconds (process running for 6.128)
2026-04-01T22:23:00.024+05:30  INFO 4460 --- [loanEmiSchedular] [scheduling-1] c.t.l.service.impl.EmiServiceImpl        : EMI overdue schedular started
2026-04-01T22:23:00.081+05:30  INFO 4460 --- [loanEmiSchedular] [scheduling-1] c.t.l.service.impl.EmiServiceImpl        : Marked 0 EMIs as overdue
2026-04-01T22:23:00.110+05:30  INFO 4460 --- [loanEmiSchedular] [scheduling-1] c.t.l.service.impl.EmiServiceImpl        : Reminder sent to: daverahul6181@gmail.com
2026-04-01T22:23:30.016+05:30  INFO 4460 --- [loanEmiSchedular] [scheduling-1] c.t.l.service.impl.EmiServiceImpl        : EMI overdue schedular started
2026-04-01T22:23:30.021+05:30  INFO 4460 --- [loanEmiSchedular] [scheduling-1] c.t.l.service.impl.EmiServiceImpl        : Marked 0 EMIs as overdue
2026-04-01T22:23:30.032+05:30  INFO 4460 --- [loanEmiSchedular] [scheduling-1] c.t.l.service.impl.EmiServiceImpl        : Reminder sent to: daverahul6181@gmail.com
2026-04-01T22:23:31.872+05:30  INFO 4460 --- [loanEmiSchedular] [SpringApplicationShutdownHook] o.s.boot.tomcat.GracefulShutdown         : Commencing graceful shutdown. Waiting for active requests to complete
2026-04-01T22:23:31.910+05:30  INFO 4460 --- [loanEmiSchedular] [tomcat-shutdown] o.s.boot.tomcat.GracefulShutdown         : Graceful shutdown complete
2026-04-01T22:23:34.801+05:30  INFO 4460 --- [loanEmiSchedular] [SpringApplicationShutdownHook] j.LocalContainerEntityManagerFactoryBean : Closing JPA EntityManagerFactory for persistence unit 'default'
2026-04-01T22:23:34.808+05:30  INFO 4460 --- [loanEmiSchedular] [SpringApplicationShutdownHook] com.zaxxer.hikari.HikariDataSource       : HikariPool-1 - Shutdown initiated...
2026-04-01T22:23:34.813+05:30  INFO 4460 --- [loanEmiSchedular] [SpringApplicationShutdownHook] com.zaxxer.hikari.HikariDataSource       : HikariPool-1 - Shutdown completed.
2026-04-01T22:24:19.213+05:30  INFO 14776 --- [loanEmiSchedular] [restartedMain] c.t.l.LoanEmiSchedularApplication        : Starting LoanEmiSchedularApplication using Java 18.0.2.1 with PID 14776 (C:\Users\Rahul.Dave\Desktop\loanEmiSchedular\target\classes started by Rahul.Dave in C:\Users\Rahul.Dave\Desktop\loanEmiSchedular)
2026-04-01T22:24:19.217+05:30 DEBUG 14776 --- [loanEmiSchedular] [restartedMain] c.t.l.LoanEmiSchedularApplication        : Running with Spring Boot v4.0.4, Spring v7.0.6
2026-04-01T22:24:19.218+05:30  INFO 14776 --- [loanEmiSchedular] [restartedMain] c.t.l.LoanEmiSchedularApplication        : No active profile set, falling back to 1 default profile: "default"
2026-04-01T22:24:19.275+05:30  INFO 14776 --- [loanEmiSchedular] [restartedMain] .e.DevToolsPropertyDefaultsPostProcessor : Devtools property defaults active! Set 'spring.devtools.add-properties' to 'false' to disable
2026-04-01T22:24:19.276+05:30  INFO 14776 --- [loanEmiSchedular] [restartedMain] .e.DevToolsPropertyDefaultsPostProcessor : For additional web related logging consider setting the 'logging.level.web' property to 'DEBUG'
2026-04-01T22:24:19.990+05:30  INFO 14776 --- [loanEmiSchedular] [restartedMain] .s.d.r.c.RepositoryConfigurationDelegate : Bootstrapping Spring Data JPA repositories in DEFAULT mode.
2026-04-01T22:24:20.056+05:30  INFO 14776 --- [loanEmiSchedular] [restartedMain] .s.d.r.c.RepositoryConfigurationDelegate : Finished Spring Data repository scanning in 53 ms. Found 7 JPA repository interfaces.
2026-04-01T22:24:20.606+05:30  INFO 14776 --- [loanEmiSchedular] [restartedMain] o.s.boot.tomcat.TomcatWebServer          : Tomcat initialized with port 8080 (http)
2026-04-01T22:24:20.619+05:30  INFO 14776 --- [loanEmiSchedular] [restartedMain] o.apache.catalina.core.StandardService   : Starting service [Tomcat]
2026-04-01T22:24:20.620+05:30  INFO 14776 --- [loanEmiSchedular] [restartedMain] o.apache.catalina.core.StandardEngine    : Starting Servlet engine: [Apache Tomcat/11.0.18]
2026-04-01T22:24:20.660+05:30  INFO 14776 --- [loanEmiSchedular] [restartedMain] b.w.c.s.WebApplicationContextInitializer : Root WebApplicationContext: initialization completed in 1383 ms
2026-04-01T22:24:20.771+05:30  INFO 14776 --- [loanEmiSchedular] [restartedMain] org.hibernate.orm.jpa                    : HHH008540: Processing PersistenceUnitInfo [name: default]
2026-04-01T22:24:20.834+05:30  INFO 14776 --- [loanEmiSchedular] [restartedMain] org.hibernate.orm.core                   : HHH000001: Hibernate ORM core version 7.2.7.Final
2026-04-01T22:24:21.217+05:30  INFO 14776 --- [loanEmiSchedular] [restartedMain] o.s.o.j.p.SpringPersistenceUnitInfo      : No LoadTimeWeaver setup: ignoring JPA class transformer
2026-04-01T22:24:21.246+05:30  INFO 14776 --- [loanEmiSchedular] [restartedMain] com.zaxxer.hikari.HikariDataSource       : HikariPool-1 - Starting...
2026-04-01T22:24:21.415+05:30  INFO 14776 --- [loanEmiSchedular] [restartedMain] com.zaxxer.hikari.pool.HikariPool        : HikariPool-1 - Added connection org.postgresql.jdbc.PgConnection@5832d940
2026-04-01T22:24:21.417+05:30  INFO 14776 --- [loanEmiSchedular] [restartedMain] com.zaxxer.hikari.HikariDataSource       : HikariPool-1 - Start completed.
2026-04-01T22:24:21.481+05:30  INFO 14776 --- [loanEmiSchedular] [restartedMain] org.hibernate.orm.connections.pooling    : HHH10001005: Database info:
	Database JDBC URL [jdbc:postgresql://localhost:5432/loanEmiSchedular]
	Database driver: PostgreSQL JDBC Driver
	Database dialect: PostgreSQLDialect
	Database version: 18.3
	Default catalog/schema: loanEmiSchedular/public
	Autocommit mode: undefined/unknown
	Isolation level: READ_COMMITTED [default READ_COMMITTED]
	JDBC fetch size: none
	Pool: DataSourceConnectionProvider
	Minimum pool size: undefined/unknown
	Maximum pool size: undefined/unknown
2026-04-01T22:24:22.537+05:30  INFO 14776 --- [loanEmiSchedular] [restartedMain] org.hibernate.orm.core                   : HHH000489: No JTA platform available (set 'hibernate.transaction.jta.platform' to enable JTA platform integration)
2026-04-01T22:24:22.635+05:30  INFO 14776 --- [loanEmiSchedular] [restartedMain] j.LocalContainerEntityManagerFactoryBean : Initialized JPA EntityManagerFactory for persistence unit 'default'
2026-04-01T22:24:22.741+05:30  INFO 14776 --- [loanEmiSchedular] [restartedMain] o.s.d.j.r.query.QueryEnhancerFactories   : Hibernate is in classpath; If applicable, HQL parser will be used.
2026-04-01T22:24:23.041+05:30 DEBUG 14776 --- [loanEmiSchedular] [restartedMain] c.t.l.security.JwtAuthFilter             : Filter 'jwtAuthFilter' configured for use
2026-04-01T22:24:23.898+05:30  WARN 14776 --- [loanEmiSchedular] [restartedMain] JpaBaseConfiguration$JpaWebConfiguration : spring.jpa.open-in-view is enabled by default. Therefore, database queries may be performed during view rendering. Explicitly configure spring.jpa.open-in-view to disable this warning
2026-04-01T22:24:24.055+05:30  WARN 14776 --- [loanEmiSchedular] [restartedMain] .s.a.UserDetailsServiceAutoConfiguration : 

Using generated security password: cacad060-df19-493c-ae4d-e0014a025a85

This generated password is for development use only. Your security configuration must be updated before running your application in production.

2026-04-01T22:24:24.065+05:30  INFO 14776 --- [loanEmiSchedular] [restartedMain] r$InitializeUserDetailsManagerConfigurer : Global AuthenticationManager configured with UserDetailsService bean with name inMemoryUserDetailsManager
2026-04-01T22:24:24.645+05:30  INFO 14776 --- [loanEmiSchedular] [restartedMain] o.s.boot.tomcat.TomcatWebServer          : Tomcat started on port 8080 (http) with context path '/'
2026-04-01T22:24:24.653+05:30  INFO 14776 --- [loanEmiSchedular] [restartedMain] c.t.l.LoanEmiSchedularApplication        : Started LoanEmiSchedularApplication in 5.873 seconds (process running for 6.441)
2026-04-01T22:24:30.109+05:30  INFO 14776 --- [loanEmiSchedular] [http-nio-8080-exec-1] o.a.c.c.C.[Tomcat].[localhost].[/]       : Initializing Spring DispatcherServlet 'dispatcherServlet'
2026-04-01T22:24:30.110+05:30  INFO 14776 --- [loanEmiSchedular] [http-nio-8080-exec-1] o.s.web.servlet.DispatcherServlet        : Initializing Servlet 'dispatcherServlet'
2026-04-01T22:24:30.112+05:30  INFO 14776 --- [loanEmiSchedular] [http-nio-8080-exec-1] o.s.web.servlet.DispatcherServlet        : Completed initialization in 2 ms
2026-04-01T22:24:35.000+05:30  INFO 14776 --- [loanEmiSchedular] [http-nio-8080-exec-3] c.t.l.service.impl.PaymentServiceImpl    : EMI #1 paid for loan 1. TxnId: TXN-BCD1C600-095
2026-04-01T22:24:36.355+05:30  INFO 14776 --- [loanEmiSchedular] [http-nio-8080-exec-4] c.t.l.service.impl.PaymentServiceImpl    : EMI #2 paid for loan 1. TxnId: TXN-57238AA1-2AA
2026-04-01T22:24:38.900+05:30  INFO 14776 --- [loanEmiSchedular] [http-nio-8080-exec-5] c.t.l.service.impl.PaymentServiceImpl    : EMI #3 paid for loan 1. TxnId: TXN-6AA922E9-645
2026-04-01T22:24:56.163+05:30  WARN 14776 --- [loanEmiSchedular] [http-nio-8080-exec-8] .m.m.a.ExceptionHandlerExceptionResolver : Resolved [org.springframework.security.authorization.AuthorizationDeniedException: Access Denied]
2026-04-01T22:25:10.860+05:30  WARN 14776 --- [loanEmiSchedular] [http-nio-8080-exec-2] .m.m.a.ExceptionHandlerExceptionResolver : Resolved [java.lang.RuntimeException: No Pending Application Present]
2026-04-01T22:25:16.523+05:30  WARN 14776 --- [loanEmiSchedular] [http-nio-8080-exec-3] .m.m.a.ExceptionHandlerExceptionResolver : Resolved [org.springframework.security.authorization.AuthorizationDeniedException: Access Denied]
2026-04-01T22:26:23.090+05:30  INFO 14776 --- [loanEmiSchedular] [SpringApplicationShutdownHook] o.s.boot.tomcat.GracefulShutdown         : Commencing graceful shutdown. Waiting for active requests to complete
2026-04-01T22:26:23.130+05:30  INFO 14776 --- [loanEmiSchedular] [tomcat-shutdown] o.s.boot.tomcat.GracefulShutdown         : Graceful shutdown complete
2026-04-01T22:26:23.136+05:30  INFO 14776 --- [loanEmiSchedular] [SpringApplicationShutdownHook] j.LocalContainerEntityManagerFactoryBean : Closing JPA EntityManagerFactory for persistence unit 'default'
2026-04-01T22:26:23.140+05:30  INFO 14776 --- [loanEmiSchedular] [SpringApplicationShutdownHook] com.zaxxer.hikari.HikariDataSource       : HikariPool-1 - Shutdown initiated...
2026-04-01T22:26:23.155+05:30  INFO 14776 --- [loanEmiSchedular] [SpringApplicationShutdownHook] com.zaxxer.hikari.HikariDataSource       : HikariPool-1 - Shutdown completed.
2026-04-01T22:28:49.265+05:30  INFO 4560 --- [loanEmiSchedular] [restartedMain] c.t.l.LoanEmiSchedularApplication        : Starting LoanEmiSchedularApplication using Java 18.0.2.1 with PID 4560 (C:\Users\Rahul.Dave\Desktop\loanEmiSchedular\target\classes started by Rahul.Dave in C:\Users\Rahul.Dave\Desktop\loanEmiSchedular)
2026-04-01T22:28:49.269+05:30 DEBUG 4560 --- [loanEmiSchedular] [restartedMain] c.t.l.LoanEmiSchedularApplication        : Running with Spring Boot v4.0.4, Spring v7.0.6
2026-04-01T22:28:49.270+05:30  INFO 4560 --- [loanEmiSchedular] [restartedMain] c.t.l.LoanEmiSchedularApplication        : No active profile set, falling back to 1 default profile: "default"
2026-04-01T22:28:49.344+05:30  INFO 4560 --- [loanEmiSchedular] [restartedMain] .e.DevToolsPropertyDefaultsPostProcessor : Devtools property defaults active! Set 'spring.devtools.add-properties' to 'false' to disable
2026-04-01T22:28:49.345+05:30  INFO 4560 --- [loanEmiSchedular] [restartedMain] .e.DevToolsPropertyDefaultsPostProcessor : For additional web related logging consider setting the 'logging.level.web' property to 'DEBUG'
2026-04-01T22:28:50.148+05:30  INFO 4560 --- [loanEmiSchedular] [restartedMain] .s.d.r.c.RepositoryConfigurationDelegate : Bootstrapping Spring Data JPA repositories in DEFAULT mode.
2026-04-01T22:28:50.210+05:30  INFO 4560 --- [loanEmiSchedular] [restartedMain] .s.d.r.c.RepositoryConfigurationDelegate : Finished Spring Data repository scanning in 54 ms. Found 7 JPA repository interfaces.
2026-04-01T22:28:50.882+05:30  INFO 4560 --- [loanEmiSchedular] [restartedMain] o.s.boot.tomcat.TomcatWebServer          : Tomcat initialized with port 8080 (http)
2026-04-01T22:28:50.893+05:30  INFO 4560 --- [loanEmiSchedular] [restartedMain] o.apache.catalina.core.StandardService   : Starting service [Tomcat]
2026-04-01T22:28:50.893+05:30  INFO 4560 --- [loanEmiSchedular] [restartedMain] o.apache.catalina.core.StandardEngine    : Starting Servlet engine: [Apache Tomcat/11.0.18]
2026-04-01T22:28:50.933+05:30  INFO 4560 --- [loanEmiSchedular] [restartedMain] b.w.c.s.WebApplicationContextInitializer : Root WebApplicationContext: initialization completed in 1587 ms
2026-04-01T22:28:51.054+05:30  INFO 4560 --- [loanEmiSchedular] [restartedMain] org.hibernate.orm.jpa                    : HHH008540: Processing PersistenceUnitInfo [name: default]
2026-04-01T22:28:51.105+05:30  INFO 4560 --- [loanEmiSchedular] [restartedMain] org.hibernate.orm.core                   : HHH000001: Hibernate ORM core version 7.2.7.Final
2026-04-01T22:28:51.507+05:30  INFO 4560 --- [loanEmiSchedular] [restartedMain] o.s.o.j.p.SpringPersistenceUnitInfo      : No LoadTimeWeaver setup: ignoring JPA class transformer
2026-04-01T22:28:51.536+05:30  INFO 4560 --- [loanEmiSchedular] [restartedMain] com.zaxxer.hikari.HikariDataSource       : HikariPool-1 - Starting...
2026-04-01T22:28:51.727+05:30  INFO 4560 --- [loanEmiSchedular] [restartedMain] com.zaxxer.hikari.pool.HikariPool        : HikariPool-1 - Added connection org.postgresql.jdbc.PgConnection@62b92124
2026-04-01T22:28:51.728+05:30  INFO 4560 --- [loanEmiSchedular] [restartedMain] com.zaxxer.hikari.HikariDataSource       : HikariPool-1 - Start completed.
2026-04-01T22:28:51.804+05:30  INFO 4560 --- [loanEmiSchedular] [restartedMain] org.hibernate.orm.connections.pooling    : HHH10001005: Database info:
	Database JDBC URL [jdbc:postgresql://localhost:5432/loanEmiSchedular]
	Database driver: PostgreSQL JDBC Driver
	Database dialect: PostgreSQLDialect
	Database version: 18.3
	Default catalog/schema: loanEmiSchedular/public
	Autocommit mode: undefined/unknown
	Isolation level: READ_COMMITTED [default READ_COMMITTED]
	JDBC fetch size: none
	Pool: DataSourceConnectionProvider
	Minimum pool size: undefined/unknown
	Maximum pool size: undefined/unknown
2026-04-01T22:28:52.905+05:30  INFO 4560 --- [loanEmiSchedular] [restartedMain] org.hibernate.orm.core                   : HHH000489: No JTA platform available (set 'hibernate.transaction.jta.platform' to enable JTA platform integration)
2026-04-01T22:28:52.987+05:30  INFO 4560 --- [loanEmiSchedular] [restartedMain] j.LocalContainerEntityManagerFactoryBean : Initialized JPA EntityManagerFactory for persistence unit 'default'
2026-04-01T22:28:53.057+05:30  INFO 4560 --- [loanEmiSchedular] [restartedMain] o.s.d.j.r.query.QueryEnhancerFactories   : Hibernate is in classpath; If applicable, HQL parser will be used.
2026-04-01T22:28:53.279+05:30 DEBUG 4560 --- [loanEmiSchedular] [restartedMain] c.t.l.security.JwtAuthFilter             : Filter 'jwtAuthFilter' configured for use
2026-04-01T22:28:54.026+05:30  WARN 4560 --- [loanEmiSchedular] [restartedMain] JpaBaseConfiguration$JpaWebConfiguration : spring.jpa.open-in-view is enabled by default. Therefore, database queries may be performed during view rendering. Explicitly configure spring.jpa.open-in-view to disable this warning
2026-04-01T22:28:54.158+05:30  WARN 4560 --- [loanEmiSchedular] [restartedMain] .s.a.UserDetailsServiceAutoConfiguration : 

Using generated security password: 17ff99b7-1c40-46ac-a9c6-c339a040cf7c

This generated password is for development use only. Your security configuration must be updated before running your application in production.

2026-04-01T22:28:54.166+05:30  INFO 4560 --- [loanEmiSchedular] [restartedMain] r$InitializeUserDetailsManagerConfigurer : Global AuthenticationManager configured with UserDetailsService bean with name inMemoryUserDetailsManager
2026-04-01T22:28:54.722+05:30  INFO 4560 --- [loanEmiSchedular] [restartedMain] o.s.boot.tomcat.TomcatWebServer          : Tomcat started on port 8080 (http) with context path '/'
2026-04-01T22:28:54.730+05:30  INFO 4560 --- [loanEmiSchedular] [restartedMain] c.t.l.LoanEmiSchedularApplication        : Started LoanEmiSchedularApplication in 6.05 seconds (process running for 7.094)
2026-04-01T22:28:59.655+05:30  INFO 4560 --- [loanEmiSchedular] [http-nio-8080-exec-1] o.a.c.c.C.[Tomcat].[localhost].[/]       : Initializing Spring DispatcherServlet 'dispatcherServlet'
2026-04-01T22:28:59.656+05:30  INFO 4560 --- [loanEmiSchedular] [http-nio-8080-exec-1] o.s.web.servlet.DispatcherServlet        : Initializing Servlet 'dispatcherServlet'
2026-04-01T22:28:59.661+05:30  INFO 4560 --- [loanEmiSchedular] [http-nio-8080-exec-1] o.s.web.servlet.DispatcherServlet        : Completed initialization in 4 ms
2026-04-01T22:30:38.079+05:30  WARN 4560 --- [loanEmiSchedular] [http-nio-8080-exec-6] .m.m.a.ExceptionHandlerExceptionResolver : Resolved [com.tss.loanEmiSchedular.exception.UserNotFoundException: User not found]
2026-04-01T22:31:23.736+05:30  WARN 4560 --- [loanEmiSchedular] [http-nio-8080-exec-7] ration$PageModule$WarningLoggingModifier : Serializing PageImpl instances as-is is not supported, meaning that there is no guarantee about the stability of the resulting JSON structure!
	For a stable JSON structure, please use Spring Data's PagedModel (globally via @EnableSpringDataWebSupport(pageSerializationMode = VIA_DTO))
	or Spring HATEOAS and Spring Data's PagedResourcesAssembler as documented in https://docs.spring.io/spring-data/commons/reference/repositories/core-extensions.html#core.web.pageables.

2026-04-01T22:31:59.286+05:30  INFO 4560 --- [loanEmiSchedular] [SpringApplicationShutdownHook] o.s.boot.tomcat.GracefulShutdown         : Commencing graceful shutdown. Waiting for active requests to complete
2026-04-01T22:31:59.324+05:30  INFO 4560 --- [loanEmiSchedular] [tomcat-shutdown] o.s.boot.tomcat.GracefulShutdown         : Graceful shutdown complete
2026-04-01T22:31:59.330+05:30  INFO 4560 --- [loanEmiSchedular] [SpringApplicationShutdownHook] j.LocalContainerEntityManagerFactoryBean : Closing JPA EntityManagerFactory for persistence unit 'default'
2026-04-01T22:31:59.333+05:30  INFO 4560 --- [loanEmiSchedular] [SpringApplicationShutdownHook] com.zaxxer.hikari.HikariDataSource       : HikariPool-1 - Shutdown initiated...
2026-04-01T22:31:59.342+05:30  INFO 4560 --- [loanEmiSchedular] [SpringApplicationShutdownHook] com.zaxxer.hikari.HikariDataSource       : HikariPool-1 - Shutdown completed.
